product_id,store_id,date,sales,revenue,stock,price,promo_type_1,promo_bin_1,promo_type_2,promo_bin_2,promo_discount_2,promo_discount_type_2
P0001,S0002,2017-01-02,0.0,0.0,8.0,6.25,PR14,,PR03,,,
P0001,S0012,2017-01-02,1.0,5.3,0.0,6.25,PR14,,PR03,,,
P0001,S0013,2017-01-02,2.0,10.59,0.0,6.25,PR14,,PR03,,,
P0001,S0023,2017-01-02,0.0,0.0,6.0,6.25,PR14,,PR03,,,
P0001,S0025,2017-01-02,0.0,0.0,1.0,6.25,PR14,,PR03,,,
P0001,S0027,2017-01-02,0.0,0.0,7.0,6.25,PR14,,PR03,,,
P0001,S0040,2017-01-02,0.0,0.0,19.0,6.25,PR14,,PR03,,,
P0001,S0049,2017-01-02,0.0,0.0,8.0,6.25,PR14,,PR03,,,
P0001,S0050,2017-01-02,0.0,0.0,5.0,6.25,PR14,,PR03,,,
P0001,S0051,2017-01-02,0.0,0.0,6.0,6.25,PR14,,PR03,,,
P0001,S0055,2017-01-02,0.0,0.0,6.0,6.25,PR14,,PR03,,,
P0001,S0056,2017-01-02,1.0,5.3,6.0,6.25,PR14,,PR03,,,
P0001,S0062,2017-01-02,0.0,0.0,2.0,6.25,PR14,,PR03,,,
P0001,S0063,2017-01-02,0.0,0.0,7.0,6.25,PR14,,PR03,,,
P0001,S0066,2017-01-02,0.0,0.0,1.0,6.25,PR14,,PR03,,,
P0001,S0078,2017-01-02,0.0,0.0,6.0,6.25,PR14,,PR03,,,
P0001,S0082,2017-01-02,0.0,0.0,4.0,6.25,PR14,,PR03,,,
P0001,S0083,2017-01-02,0.0,0.0,10.0,6.25,PR14,,PR03,,,
P0001,S0087,2017-01-02,0.0,0.0,10.0,6.25,PR14,,PR03,,,
P0001,S0094,2017-01-02,0.0,0.0,6.0,6.25,PR14,,PR03,,,
P0001,S0096,2017-01-02,0.0,0.0,2.0,6.25,PR14,,PR03,,,
P0001,S0102,2017-01-02,0.0,0.0,7.0,6.25,PR14,,PR03,,,
P0001,S0103,2017-01-02,1.0,5.3,10.0,6.25,PR14,,PR03,,,
P0001,S0104,2017-01-02,0.0,0.0,22.0,6.25,PR14,,PR03,,,
P0001,S0105,2017-01-02,0.0,0.0,6.0,6.25,PR14,,PR03,,,
P0001,S0106,2017-01-02,1.0,5.3,3.0,6.25,PR14,,PR03,,,
P0001,S0107,2017-01-02,0.0,0.0,2.0,6.25,PR14,,PR03,,,
P0001,S0108,2017-01-02,0.0,0.0,7.0,6.25,PR14,,PR03,,,
P0001,S0110,2017-01-02,0.0,0.0,1.0,6.25,PR14,,PR03,,,
P0001,S0115,2017-01-02,0.0,0.0,1.0,6.25,PR14,,PR03,,,
P0001,S0122,2017-01-02,0.0,0.0,1.0,6.25,PR14,,PR03,,,
P0001,S0125,2017-01-02,0.0,0.0,7.0,6.25,PR14,,PR03,,,
P0001,S0131,2017-01-02,0.0,0.0,2.0,6.25,PR14,,PR03,,,
P0001,S0132,2017-01-02,0.0,0.0,5.0,6.25,PR14,,PR03,,,
P0001,S0142,2017-01-02,0.0,0.0,1.0,6.25,PR14,,PR03,,,
P0004,S0006,2017-01-02,0.0,0.0,18.0,4.5,PR14,,PR03,,,
P0004,S0019,2017-01-02,0.0,0.0,2.0,4.5,PR14,,PR03,,,
P0004,S0038,2017-01-02,0.0,0.0,2.0,4.5,PR14,,PR03,,,
P0004,S0044,2017-01-02,1.0,3.81,7.0,4.5,PR14,,PR03,,,
P0004,S0085,2017-01-02,0.0,0.0,29.0,4.5,PR14,,PR03,,,
P0005,S0001,2017-01-02,0.0,0.0,7.0,33.9,PR14,,PR03,,,
P0005,S0002,2017-01-02,0.0,0.0,11.0,33.9,PR14,,PR03,,,
P0005,S0008,2017-01-02,0.0,0.0,3.0,33.9,PR14,,PR03,,,
P0005,S0012,2017-01-02,0.0,0.0,6.0,33.9,PR14,,PR03,,,
P0005,S0013,2017-01-02,0.0,0.0,11.0,33.9,PR14,,PR03,,,
P0005,S0020,2017-01-02,0.0,0.0,3.0,33.9,PR14,,PR03,,,
P0005,S0023,2017-01-02,0.0,0.0,3.0,33.9,PR14,,PR03,,,
P0005,S0024,2017-01-02,0.0,0.0,3.0,33.9,PR14,,PR03,,,
P0005,S0026,2017-01-02,0.0,0.0,4.0,33.9,PR14,,PR03,,,
P0005,S0031,2017-01-02,0.0,0.0,7.0,33.9,PR14,,PR03,,,
P0005,S0038,2017-01-02,0.0,0.0,2.0,33.9,PR14,,PR03,,,
P0005,S0040,2017-01-02,0.0,0.0,7.0,33.9,PR14,,PR03,,,
P0005,S0043,2017-01-02,0.0,0.0,7.0,33.9,PR14,,PR03,,,
P0005,S0050,2017-01-02,0.0,0.0,5.0,33.9,PR14,,PR03,,,
P0005,S0051,2017-01-02,0.0,0.0,4.0,33.9,PR14,,PR03,,,
P0005,S0056,2017-01-02,0.0,0.0,4.0,33.9,PR14,,PR03,,,
P0005,S0065,2017-01-02,0.0,0.0,4.0,33.9,PR14,,PR03,,,
P0005,S0066,2017-01-02,0.0,0.0,6.0,33.9,PR14,,PR03,,,
P0005,S0085,2017-01-02,0.0,0.0,17.0,33.9,PR14,,PR03,,,
P0005,S0087,2017-01-02,0.0,0.0,4.0,33.9,PR14,,PR03,,,
P0005,S0097,2017-01-02,0.0,0.0,6.0,33.9,PR14,,PR03,,,
P0005,S0102,2017-01-02,0.0,0.0,4.0,33.9,PR14,,PR03,,,
P0005,S0104,2017-01-02,0.0,0.0,3.0,33.9,PR14,,PR03,,,
P0005,S0108,2017-01-02,0.0,0.0,5.0,33.9,PR14,,PR03,,,
P0005,S0110,2017-01-02,0.0,0.0,7.0,33.9,PR14,,PR03,,,
P0005,S0113,2017-01-02,0.0,0.0,5.0,33.9,PR14,,PR03,,,
P0005,S0132,2017-01-02,0.0,0.0,5.0,33.9,PR14,,PR03,,,
P0005,S0138,2017-01-02,0.0,0.0,5.0,33.9,PR14,,PR03,,,
P0005,S0142,2017-01-02,0.0,0.0,2.0,33.9,PR14,,PR03,,,
P0011,S0001,2017-01-02,0.0,0.0,10.0,49.9,PR14,,PR03,,,
P0011,S0002,2017-01-02,0.0,0.0,9.0,49.9,PR14,,PR03,,,
P0011,S0013,2017-01-02,0.0,0.0,4.0,49.9,PR14,,PR03,,,
P0011,S0038,2017-01-02,0.0,0.0,9.0,49.9,PR14,,PR03,,,
P0011,S0040,2017-01-02,0.0,0.0,4.0,49.9,PR14,,PR03,,,
P0011,S0043,2017-01-02,0.0,0.0,2.0,49.9,PR14,,PR03,,,
P0011,S0056,2017-01-02,0.0,0.0,4.0,49.9,PR14,,PR03,,,
P0011,S0066,2017-01-02,0.0,0.0,5.0,49.9,PR14,,PR03,,,
P0011,S0085,2017-01-02,0.0,0.0,1.0,49.9,PR14,,PR03,,,
P0011,S0094,2017-01-02,0.0,0.0,3.0,49.9,PR14,,PR03,,,
P0011,S0104,2017-01-02,0.0,0.0,8.0,49.9,PR14,,PR03,,,
P0011,S0108,2017-01-02,0.0,0.0,8.0,49.9,PR14,,PR03,,,
P0011,S0115,2017-01-02,0.0,0.0,2.0,49.9,PR14,,PR03,,,
P0011,S0132,2017-01-02,0.0,0.0,9.0,49.9,PR14,,PR03,,,
P0014,S0085,2017-01-02,0.0,0.0,1.0,59.99,PR14,,PR03,,,
P0014,S0097,2017-01-02,0.0,0.0,1.0,59.99,PR14,,PR03,,,
P0015,S0001,2017-01-02,1.0,2.41,20.0,2.6,PR14,,PR03,,,
P0015,S0002,2017-01-02,1.0,2.41,19.0,2.6,PR14,,PR03,,,
P0015,S0003,2017-01-02,0.0,0.0,5.0,2.6,PR14,,PR03,,,
P0015,S0004,2017-01-02,0.0,0.0,11.0,2.6,PR14,,PR03,,,
P0015,S0008,2017-01-02,0.0,0.0,6.0,2.6,PR14,,PR03,,,
P0015,S0009,2017-01-02,0.0,0.0,20.0,2.6,PR14,,PR03,,,
P0015,S0011,2017-01-02,0.0,0.0,7.0,2.6,PR14,,PR03,,,
P0015,S0012,2017-01-02,0.0,0.0,6.0,2.6,PR14,,PR03,,,
P0015,S0013,2017-01-02,0.0,0.0,3.0,2.6,PR14,,PR03,,,
P0015,S0014,2017-01-02,0.0,0.0,14.0,2.6,PR14,,PR03,,,
P0015,S0016,2017-01-02,0.0,0.0,16.0,2.6,PR14,,PR03,,,
P0015,S0021,2017-01-02,0.0,0.0,9.0,2.6,PR14,,PR03,,,
P0015,S0023,2017-01-02,0.0,0.0,12.0,2.6,PR14,,PR03,,,
P0015,S0024,2017-01-02,0.0,0.0,16.0,2.6,PR14,,PR03,,,
P0015,S0026,2017-01-02,0.0,0.0,12.0,2.6,PR14,,PR03,,,
P0015,S0030,2017-01-02,0.0,0.0,4.0,2.6,PR14,,PR03,,,
P0015,S0031,2017-01-02,0.0,0.0,15.0,2.6,PR14,,PR03,,,
P0015,S0032,2017-01-02,1.0,2.41,14.0,2.6,PR14,,PR03,,,
P0015,S0033,2017-01-02,0.0,0.0,2.0,2.6,PR14,,PR03,,,
P0015,S0034,2017-01-02,0.0,0.0,9.0,2.6,PR14,,PR03,,,
P0015,S0035,2017-01-02,0.0,0.0,8.0,2.6,PR14,,PR03,,,
P0015,S0038,2017-01-02,0.0,0.0,18.0,2.6,PR14,,PR03,,,
P0015,S0039,2017-01-02,0.0,0.0,6.0,2.6,PR14,,PR03,,,
P0015,S0040,2017-01-02,1.0,2.41,10.0,2.6,PR14,,PR03,,,
P0015,S0043,2017-01-02,0.0,0.0,3.0,2.6,PR14,,PR03,,,
P0015,S0049,2017-01-02,0.0,0.0,15.0,2.6,PR14,,PR03,,,
P0015,S0050,2017-01-02,0.0,0.0,5.0,2.6,PR14,,PR03,,,
P0015,S0051,2017-01-02,0.0,0.0,18.0,2.6,PR14,,PR03,,,
P0015,S0053,2017-01-02,0.0,0.0,5.0,2.6,PR14,,PR03,,,
P0015,S0054,2017-01-02,0.0,0.0,8.0,2.6,PR14,,PR03,,,
P0015,S0055,2017-01-02,0.0,0.0,10.0,2.6,PR14,,PR03,,,
P0015,S0056,2017-01-02,0.0,0.0,6.0,2.6,PR14,,PR03,,,
P0015,S0062,2017-01-02,0.0,0.0,24.0,2.6,PR14,,PR03,,,
P0015,S0063,2017-01-02,0.0,0.0,5.0,2.6,PR14,,PR03,,,
P0015,S0066,2017-01-02,0.0,0.0,22.0,2.6,PR14,,PR03,,,
P0015,S0067,2017-01-02,0.0,0.0,12.0,2.6,PR14,,PR03,,,
P0015,S0068,2017-01-02,1.0,2.41,13.0,2.6,PR14,,PR03,,,
P0015,S0070,2017-01-02,0.0,0.0,6.0,2.6,PR14,,PR03,,,
P0015,S0074,2017-01-02,0.0,0.0,7.0,2.6,PR14,,PR03,,,
P0015,S0077,2017-01-02,0.0,0.0,1.0,2.6,PR14,,PR03,,,
P0015,S0078,2017-01-02,0.0,0.0,3.0,2.6,PR14,,PR03,,,
P0015,S0080,2017-01-02,0.0,0.0,3.0,2.6,PR14,,PR03,,,
P0015,S0082,2017-01-02,1.0,2.41,4.0,2.6,PR14,,PR03,,,
P0015,S0083,2017-01-02,0.0,0.0,3.0,2.6,PR14,,PR03,,,
P0015,S0085,2017-01-02,1.0,2.41,50.0,2.6,PR14,,PR03,,,
P0015,S0086,2017-01-02,0.0,0.0,12.0,2.6,PR14,,PR03,,,
P0015,S0087,2017-01-02,0.0,0.0,2.0,2.6,PR14,,PR03,,,
P0015,S0088,2017-01-02,0.0,0.0,23.0,2.6,PR14,,PR03,,,
P0015,S0089,2017-01-02,0.0,0.0,10.0,2.6,PR14,,PR03,,,
P0015,S0091,2017-01-02,0.0,0.0,16.0,2.6,PR14,,PR03,,,
P0015,S0093,2017-01-02,0.0,0.0,8.0,2.6,PR14,,PR03,,,
P0015,S0094,2017-01-02,0.0,0.0,6.0,2.6,PR14,,PR03,,,
P0015,S0096,2017-01-02,0.0,0.0,12.0,2.6,PR14,,PR03,,,
P0015,S0097,2017-01-02,0.0,0.0,23.0,2.6,PR14,,PR03,,,
P0015,S0099,2017-01-02,0.0,0.0,11.0,2.6,PR14,,PR03,,,
P0015,S0102,2017-01-02,0.0,0.0,13.0,2.6,PR14,,PR03,,,
P0015,S0104,2017-01-02,0.0,0.0,11.0,2.6,PR14,,PR03,,,
P0015,S0107,2017-01-02,0.0,0.0,3.0,2.6,PR14,,PR03,,,
P0015,S0108,2017-01-02,0.0,0.0,5.0,2.6,PR14,,PR03,,,
P0015,S0110,2017-01-02,0.0,0.0,12.0,2.6,PR14,,PR03,,,
P0015,S0113,2017-01-02,0.0,0.0,25.0,2.6,PR14,,PR03,,,
P0015,S0115,2017-01-02,0.0,0.0,33.0,2.6,PR14,,PR03,,,
P0015,S0116,2017-01-02,0.0,0.0,9.0,2.6,PR14,,PR03,,,
P0015,S0117,2017-01-02,0.0,0.0,7.0,2.6,PR14,,PR03,,,
P0015,S0119,2017-01-02,0.0,0.0,13.0,2.6,PR14,,PR03,,,
P0015,S0120,2017-01-02,0.0,0.0,4.0,2.6,PR14,,PR03,,,
P0015,S0122,2017-01-02,0.0,0.0,5.0,2.6,PR14,,PR03,,,
P0015,S0124,2017-01-02,0.0,0.0,6.0,2.6,PR14,,PR03,,,
P0015,S0125,2017-01-02,0.0,0.0,11.0,2.6,PR14,,PR03,,,
P0015,S0126,2017-01-02,0.0,0.0,33.0,2.6,PR14,,PR03,,,
P0015,S0130,2017-01-02,1.0,2.41,10.0,2.6,PR14,,PR03,,,
P0015,S0131,2017-01-02,0.0,0.0,6.0,2.6,PR14,,PR03,,,
P0015,S0132,2017-01-02,0.0,0.0,10.0,2.6,PR14,,PR03,,,
P0015,S0135,2017-01-02,0.0,0.0,10.0,2.6,PR14,,PR03,,,
P0015,S0138,2017-01-02,0.0,0.0,16.0,2.6,PR14,,PR03,,,
P0015,S0140,2017-01-02,0.0,0.0,8.0,2.6,PR14,,PR03,,,
P0015,S0141,2017-01-02,0.0,0.0,9.0,2.6,PR14,,PR03,,,
P0015,S0142,2017-01-02,0.0,0.0,12.0,2.6,PR14,,PR03,,,
P0015,S0143,2017-01-02,0.0,0.0,8.0,2.6,PR14,,PR03,,,
P0016,S0032,2017-01-02,1.0,1.85,19.0,2.0,PR14,,PR03,,,
P0017,S0001,2017-01-02,0.0,0.0,13.0,1.49,PR14,,PR03,,,
P0017,S0002,2017-01-02,0.0,0.0,12.0,1.49,PR14,,PR03,,,
P0017,S0004,2017-01-02,0.0,0.0,26.0,1.49,PR14,,PR03,,,
P0017,S0008,2017-01-02,1.0,1.38,17.0,1.49,PR14,,PR03,,,
P0017,S0010,2017-01-02,0.0,0.0,21.0,1.49,PR14,,PR03,,,
P0017,S0012,2017-01-02,1.0,1.38,10.0,1.49,PR14,,PR03,,,
P0017,S0013,2017-01-02,0.0,0.0,127.0,1.49,PR14,,PR03,,,
P0017,S0015,2017-01-02,2.0,2.76,9.0,1.49,PR14,,PR03,,,
P0017,S0018,2017-01-02,0.0,0.0,23.0,1.49,PR14,,PR03,,,
P0017,S0020,2017-01-02,3.0,4.14,39.0,1.49,PR14,,PR03,,,
P0017,S0022,2017-01-02,0.0,0.0,20.0,1.49,PR14,,PR03,,,
P0017,S0023,2017-01-02,0.0,0.0,27.0,1.49,PR14,,PR03,,,
P0017,S0024,2017-01-02,0.0,0.0,59.0,1.49,PR14,,PR03,,,
P0017,S0025,2017-01-02,1.0,1.38,7.0,1.49,PR14,,PR03,,,
P0017,S0026,2017-01-02,0.0,0.0,59.0,1.49,PR14,,PR03,,,
P0017,S0027,2017-01-02,1.0,1.38,49.0,1.49,PR14,,PR03,,,
P0017,S0028,2017-01-02,5.0,4.63,0.0,,PR14,,PR03,,,
P0017,S0031,2017-01-02,0.0,0.0,40.0,1.49,PR14,,PR03,,,
P0017,S0035,2017-01-02,1.0,1.38,21.0,1.49,PR14,,PR03,,,
P0017,S0043,2017-01-02,1.0,1.38,29.0,1.49,PR14,,PR03,,,
P0017,S0045,2017-01-02,0.0,0.0,25.0,1.49,PR14,,PR03,,,
P0017,S0048,2017-01-02,9.0,8.33,0.0,,PR14,,PR03,,,
P0017,S0049,2017-01-02,0.0,0.0,44.0,1.49,PR14,,PR03,,,
P0017,S0050,2017-01-02,0.0,0.0,41.0,1.49,PR14,,PR03,,,
P0017,S0051,2017-01-02,1.0,1.38,17.0,1.49,PR14,,PR03,,,
P0017,S0052,2017-01-02,1.0,1.38,13.0,1.49,PR14,,PR03,,,
P0017,S0055,2017-01-02,0.0,0.0,46.0,1.49,PR14,,PR03,,,
P0017,S0056,2017-01-02,1.0,1.38,23.0,1.49,PR14,,PR03,,,
P0017,S0058,2017-01-02,2.0,2.76,49.0,1.49,PR14,,PR03,,,
P0017,S0060,2017-01-02,0.0,0.0,24.0,1.49,PR14,,PR03,,,
P0017,S0062,2017-01-02,2.0,2.76,47.0,1.49,PR14,,PR03,,,
P0017,S0063,2017-01-02,0.0,0.0,2.0,1.49,PR14,,PR03,,,
P0017,S0066,2017-01-02,1.0,1.38,16.0,1.49,PR14,,PR03,,,
P0017,S0067,2017-01-02,0.0,0.0,9.0,1.49,PR14,,PR03,,,
P0017,S0070,2017-01-02,0.0,0.0,49.0,1.49,PR14,,PR03,,,
P0017,S0072,2017-01-02,5.0,4.63,0.0,,PR14,,PR03,,,
P0017,S0073,2017-01-02,0.0,0.0,28.0,1.49,PR14,,PR03,,,
P0017,S0078,2017-01-02,1.0,1.38,12.0,1.49,PR14,,PR03,,,
P0017,S0081,2017-01-02,10.0,9.26,0.0,,PR14,,PR03,,,
P0017,S0082,2017-01-02,1.0,1.38,25.0,1.49,PR14,,PR03,,,
P0017,S0083,2017-01-02,0.0,0.0,5.0,1.49,PR14,,PR03,,,
P0017,S0084,2017-01-02,1.0,1.38,30.0,1.49,PR14,,PR03,,,
P0017,S0085,2017-01-02,1.0,1.38,91.0,1.49,PR14,,PR03,,,
P0017,S0087,2017-01-02,2.0,2.76,5.0,1.49,PR14,,PR03,,,
P0017,S0088,2017-01-02,0.0,0.0,38.0,1.49,PR14,,PR03,,,
P0017,S0091,2017-01-02,0.0,0.0,1.0,1.49,PR14,,PR03,,,
P0017,S0093,2017-01-02,1.0,1.38,16.0,1.49,PR14,,PR03,,,
P0017,S0094,2017-01-02,0.0,0.0,91.0,1.49,PR14,,PR03,,,
P0017,S0096,2017-01-02,0.0,0.0,22.0,1.49,PR14,,PR03,,,
P0017,S0097,2017-01-02,0.0,0.0,76.0,1.49,PR14,,PR03,,,
P0017,S0102,2017-01-02,0.0,0.0,7.0,1.49,PR14,,PR03,,,
P0017,S0103,2017-01-02,1.0,1.38,112.0,1.49,PR14,,PR03,,,
P0017,S0104,2017-01-02,0.0,0.0,83.0,1.49,PR14,,PR03,,,
P0017,S0105,2017-01-02,0.0,0.0,6.0,1.49,PR14,,PR03,,,
P0017,S0106,2017-01-02,2.0,2.76,6.0,1.49,PR14,,PR03,,,
P0017,S0107,2017-01-02,0.0,0.0,7.0,1.49,PR14,,PR03,,,
P0017,S0108,2017-01-02,0.0,0.0,23.0,1.49,PR14,,PR03,,,
P0017,S0110,2017-01-02,0.0,0.0,27.0,1.49,PR14,,PR03,,,
P0017,S0112,2017-01-02,13.0,12.04,0.0,,PR14,,PR03,,,
P0017,S0113,2017-01-02,0.0,0.0,18.0,1.49,PR14,,PR03,,,
P0017,S0115,2017-01-02,0.0,0.0,28.0,1.49,PR14,,PR03,,,
P0017,S0117,2017-01-02,0.0,0.0,8.0,1.49,PR14,,PR03,,,
P0017,S0121,2017-01-02,6.0,5.56,0.0,,PR14,,PR03,,,
P0017,S0122,2017-01-02,0.0,0.0,6.0,1.49,PR14,,PR03,,,
P0017,S0123,2017-01-02,5.0,6.9,46.0,1.49,PR14,,PR03,,,
P0017,S0125,2017-01-02,1.0,1.38,28.0,1.49,PR14,,PR03,,,
P0017,S0126,2017-01-02,2.0,2.76,19.0,1.49,PR14,,PR03,,,
P0017,S0131,2017-01-02,0.0,0.0,38.0,1.49,PR14,,PR03,,,
P0017,S0132,2017-01-02,0.0,0.0,26.0,1.49,PR14,,PR03,,,
P0017,S0137,2017-01-02,0.0,0.0,8.0,1.49,PR14,,PR03,,,
P0017,S0138,2017-01-02,2.0,2.76,35.0,1.49,PR14,,PR03,,,
P0017,S0139,2017-01-02,2.0,2.76,16.0,1.49,PR14,,PR03,,,
P0017,S0140,2017-01-02,0.0,0.0,1.0,1.49,PR14,,PR03,,,
P0017,S0142,2017-01-02,0.0,0.0,17.0,1.49,PR14,,PR03,,,
P0017,S0144,2017-01-02,0.0,0.0,5.0,1.49,PR14,,PR03,,,
P0018,S0001,2017-01-02,0.0,0.0,49.0,1.95,PR14,,PR03,,,
P0018,S0002,2017-01-02,1.0,1.81,37.0,1.95,PR14,,PR03,,,
P0018,S0003,2017-01-02,0.0,0.0,12.0,1.95,PR14,,PR03,,,
P0018,S0004,2017-01-02,0.0,0.0,17.0,1.95,PR14,,PR03,,,
P0018,S0006,2017-01-02,0.0,0.0,23.0,1.95,PR14,,PR03,,,
P0018,S0008,2017-01-02,0.0,0.0,15.0,1.95,PR14,,PR03,,,
P0018,S0009,2017-01-02,0.0,0.0,5.0,1.95,PR14,,PR03,,,
P0018,S0010,2017-01-02,0.0,0.0,8.0,1.95,PR14,,PR03,,,
P0018,S0012,2017-01-02,1.0,1.81,16.0,1.95,PR14,,PR03,,,
P0018,S0013,2017-01-02,0.0,0.0,9.0,1.95,PR14,,PR03,,,
P0018,S0014,2017-01-02,0.0,0.0,13.0,1.95,PR14,,PR03,,,
P0018,S0015,2017-01-02,2.0,3.61,4.0,1.95,PR14,,PR03,,,
P0018,S0016,2017-01-02,0.0,0.0,20.0,1.95,PR14,,PR03,,,
P0018,S0018,2017-01-02,2.0,3.61,39.0,1.95,PR14,,PR03,,,
P0018,S0019,2017-01-02,0.0,0.0,23.0,1.95,PR14,,PR03,,,
P0018,S0020,2017-01-02,0.0,0.0,14.0,1.95,PR14,,PR03,,,
P0018,S0021,2017-01-02,0.0,0.0,22.0,1.95,PR14,,PR03,,,
P0018,S0022,2017-01-02,0.0,0.0,16.0,1.95,PR14,,PR03,,,
P0018,S0023,2017-01-02,0.0,0.0,28.0,1.95,PR14,,PR03,,,
P0018,S0024,2017-01-02,0.0,0.0,27.0,1.95,PR14,,PR03,,,
P0018,S0025,2017-01-02,0.0,0.0,12.0,1.95,PR14,,PR03,,,
P0018,S0026,2017-01-02,0.0,0.0,30.0,1.95,PR14,,PR03,,,
P0018,S0027,2017-01-02,0.0,0.0,8.0,1.95,PR14,,PR03,,,
P0018,S0028,2017-01-02,2.0,3.61,0.0,,PR14,,PR03,,,
P0018,S0030,2017-01-02,1.0,1.81,5.0,1.95,PR14,,PR03,,,
P0018,S0031,2017-01-02,0.0,0.0,1.0,1.95,PR14,,PR03,,,
P0018,S0032,2017-01-02,0.0,0.0,23.0,1.95,PR14,,PR03,,,
P0018,S0033,2017-01-02,1.0,1.81,5.0,1.95,PR14,,PR03,,,
P0018,S0034,2017-01-02,0.0,0.0,20.0,1.95,PR14,,PR03,,,
P0018,S0035,2017-01-02,0.0,0.0,11.0,1.95,PR14,,PR03,,,
P0018,S0038,2017-01-02,2.0,3.61,65.0,1.95,PR14,,PR03,,,
P0018,S0039,2017-01-02,0.0,0.0,27.0,1.95,PR14,,PR03,,,
P0018,S0040,2017-01-02,0.0,0.0,15.0,1.95,PR14,,PR03,,,
P0018,S0041,2017-01-02,0.0,0.0,21.0,1.95,PR14,,PR03,,,
P0018,S0043,2017-01-02,0.0,0.0,83.0,1.95,PR14,,PR03,,,
P0018,S0044,2017-01-02,0.0,0.0,2.0,1.95,PR14,,PR03,,,
P0018,S0045,2017-01-02,0.0,0.0,8.0,1.95,PR14,,PR03,,,
P0018,S0049,2017-01-02,0.0,0.0,27.0,1.95,PR14,,PR03,,,
P0018,S0050,2017-01-02,0.0,0.0,21.0,1.95,PR14,,PR03,,,
P0018,S0051,2017-01-02,1.0,1.81,9.0,1.95,PR14,,PR03,,,
P0018,S0052,2017-01-02,0.0,0.0,42.0,1.95,PR14,,PR03,,,
P0018,S0053,2017-01-02,1.0,1.81,9.0,1.95,PR14,,PR03,,,
P0018,S0055,2017-01-02,0.0,0.0,48.0,1.95,PR14,,PR03,,,
P0018,S0056,2017-01-02,1.0,1.81,2.0,1.95,PR14,,PR03,,,
P0018,S0058,2017-01-02,0.0,0.0,22.0,1.95,PR14,,PR03,,,
P0018,S0062,2017-01-02,0.0,0.0,34.0,1.95,PR14,,PR03,,,
P0018,S0063,2017-01-02,0.0,0.0,15.0,1.95,PR14,,PR03,,,
P0018,S0065,2017-01-02,0.0,0.0,22.0,1.95,PR14,,PR03,,,
P0018,S0066,2017-01-02,0.0,0.0,23.0,1.95,PR14,,PR03,,,
P0018,S0067,2017-01-02,0.0,0.0,19.0,1.95,PR14,,PR03,,,
P0018,S0068,2017-01-02,0.0,0.0,5.0,1.95,PR14,,PR03,,,
P0018,S0070,2017-01-02,0.0,0.0,14.0,1.95,PR14,,PR03,,,
P0018,S0073,2017-01-02,0.0,0.0,21.0,1.95,PR14,,PR03,,,
P0018,S0074,2017-01-02,1.0,1.81,13.0,1.95,PR14,,PR03,,,
P0018,S0077,2017-01-02,0.0,0.0,1.0,1.95,PR14,,PR03,,,
P0018,S0078,2017-01-02,0.0,0.0,16.0,1.95,PR14,,PR03,,,
P0018,S0080,2017-01-02,0.0,0.0,2.0,1.95,PR14,,PR03,,,
P0018,S0082,2017-01-02,0.0,0.0,14.0,1.95,PR14,,PR03,,,
P0018,S0083,2017-01-02,0.0,0.0,18.0,1.95,PR14,,PR03,,,
P0018,S0084,2017-01-02,4.0,7.22,16.0,1.95,PR14,,PR03,,,
P0018,S0085,2017-01-02,0.0,0.0,16.0,1.95,PR14,,PR03,,,
P0018,S0086,2017-01-02,0.0,0.0,6.0,1.95,PR14,,PR03,,,
P0018,S0087,2017-01-02,0.0,0.0,14.0,1.95,PR14,,PR03,,,
P0018,S0088,2017-01-02,0.0,0.0,24.0,1.95,PR14,,PR03,,,
P0018,S0089,2017-01-02,0.0,0.0,20.0,1.95,PR14,,PR03,,,
P0018,S0090,2017-01-02,0.0,0.0,20.0,1.95,PR14,,PR03,,,
P0018,S0091,2017-01-02,0.0,0.0,2.0,1.95,PR14,,PR03,,,
P0018,S0093,2017-01-02,0.0,0.0,2.0,1.95,PR14,,PR03,,,
P0018,S0094,2017-01-02,0.0,0.0,17.0,1.95,PR14,,PR03,,,
P0018,S0095,2017-01-02,0.0,0.0,19.0,1.95,PR14,,PR03,,,
P0018,S0096,2017-01-02,0.0,0.0,7.0,1.95,PR14,,PR03,,,
P0018,S0097,2017-01-02,0.0,0.0,37.0,1.95,PR14,,PR03,,,
P0018,S0099,2017-01-02,2.0,3.61,4.0,1.95,PR14,,PR03,,,
P0018,S0102,2017-01-02,0.0,0.0,5.0,1.95,PR14,,PR03,,,
P0018,S0103,2017-01-02,0.0,0.0,9.0,1.95,PR14,,PR03,,,
P0018,S0104,2017-01-02,0.0,0.0,78.0,1.95,PR14,,PR03,,,
P0018,S0105,2017-01-02,0.0,0.0,27.0,1.95,PR14,,PR03,,,
P0018,S0106,2017-01-02,0.0,0.0,25.0,1.95,PR14,,PR03,,,
P0018,S0107,2017-01-02,0.0,0.0,24.0,1.95,PR14,,PR03,,,
P0018,S0108,2017-01-02,0.0,0.0,6.0,1.95,PR14,,PR03,,,
P0018,S0110,2017-01-02,0.0,0.0,31.0,1.95,PR14,,PR03,,,
P0018,S0112,2017-01-02,1.0,1.81,0.0,,PR14,,PR03,,,
P0018,S0113,2017-01-02,0.0,0.0,14.0,1.95,PR14,,PR03,,,
P0018,S0115,2017-01-02,0.0,0.0,36.0,1.95,PR14,,PR03,,,
P0018,S0116,2017-01-02,0.0,0.0,9.0,1.95,PR14,,PR03,,,
P0018,S0117,2017-01-02,0.0,0.0,8.0,1.95,PR14,,PR03,,,
P0018,S0119,2017-01-02,0.0,0.0,2.0,1.95,PR14,,PR03,,,
P0018,S0120,2017-01-02,0.0,0.0,10.0,1.95,PR14,,PR03,,,
P0018,S0122,2017-01-02,0.0,0.0,24.0,1.95,PR14,,PR03,,,
P0018,S0123,2017-01-02,0.0,0.0,10.0,1.95,PR14,,PR03,,,
P0018,S0124,2017-01-02,0.0,0.0,1.0,1.95,PR14,,PR03,,,
P0018,S0125,2017-01-02,0.0,0.0,43.0,1.95,PR14,,PR03,,,
P0018,S0126,2017-01-02,0.0,0.0,10.0,1.95,PR14,,PR03,,,
P0018,S0127,2017-01-02,0.0,0.0,10.0,1.95,PR14,,PR03,,,
P0018,S0130,2017-01-02,0.0,0.0,21.0,1.95,PR14,,PR03,,,
P0018,S0131,2017-01-02,0.0,0.0,16.0,1.95,PR14,,PR03,,,
P0018,S0132,2017-01-02,0.0,0.0,37.0,1.95,PR14,,PR03,,,
P0018,S0135,2017-01-02,0.0,0.0,13.0,1.95,PR14,,PR03,,,
P0018,S0137,2017-01-02,0.0,0.0,26.0,1.95,PR14,,PR03,,,
P0018,S0138,2017-01-02,1.0,1.81,6.0,1.95,PR14,,PR03,,,
P0018,S0139,2017-01-02,0.0,0.0,8.0,1.95,PR14,,PR03,,,
P0018,S0140,2017-01-02,0.0,0.0,7.0,1.95,PR14,,PR03,,,
P0018,S0141,2017-01-02,0.0,0.0,24.0,1.95,PR14,,PR03,,,
P0018,S0142,2017-01-02,0.0,0.0,2.0,1.95,PR14,,PR03,,,
P0018,S0143,2017-01-02,0.0,0.0,6.0,1.95,PR14,,PR03,,,
P0018,S0144,2017-01-02,0.0,0.0,25.0,1.95,PR14,,PR03,,,
P0024,S0001,2017-01-02,0.0,0.0,23.0,1.95,PR14,,PR03,,,
P0024,S0002,2017-01-02,0.0,0.0,36.0,1.95,PR14,,PR03,,,
P0024,S0020,2017-01-02,0.0,0.0,45.0,1.95,PR14,,PR03,,,
P0024,S0031,2017-01-02,0.0,0.0,17.0,1.95,PR14,,PR03,,,
P0024,S0038,2017-01-02,0.0,0.0,30.0,1.95,PR14,,PR03,,,
P0024,S0040,2017-01-02,1.0,1.81,39.0,1.95,PR14,,PR03,,,
P0024,S0043,2017-01-02,0.0,0.0,84.0,1.95,PR14,,PR03,,,
P0024,S0051,2017-01-02,0.0,0.0,11.0,1.95,PR14,,PR03,,,
P0024,S0056,2017-01-02,1.0,1.81,10.0,1.95,PR14,,PR03,,,
P0024,S0066,2017-01-02,0.0,0.0,5.0,1.95,PR14,,PR03,,,
P0024,S0085,2017-01-02,1.0,1.81,45.0,1.95,PR14,,PR03,,,
P0024,S0094,2017-01-02,0.0,0.0,56.0,1.95,PR14,,PR03,,,
P0024,S0097,2017-01-02,0.0,0.0,49.0,1.95,PR14,,PR03,,,
P0024,S0104,2017-01-02,0.0,0.0,28.0,1.95,PR14,,PR03,,,
P0024,S0110,2017-01-02,0.0,0.0,16.0,1.95,PR14,,PR03,,,
P0024,S0115,2017-01-02,0.0,0.0,37.0,1.95,PR14,,PR03,,,
P0024,S0126,2017-01-02,0.0,0.0,20.0,1.95,PR14,,PR03,,,
P0035,S0001,2017-01-02,2.0,4.54,14.0,2.45,PR14,,PR03,,,
P0035,S0002,2017-01-02,2.0,4.54,15.0,2.45,PR14,,PR03,,,
P0035,S0003,2017-01-02,1.0,2.27,8.0,2.45,PR14,,PR03,,,
P0035,S0008,2017-01-02,0.0,0.0,5.0,2.45,PR14,,PR03,,,
P0035,S0009,2017-01-02,0.0,0.0,15.0,2.45,PR14,,PR03,,,
P0035,S0011,2017-01-02,0.0,0.0,1.0,2.45,PR14,,PR03,,,
P0035,S0012,2017-01-02,0.0,0.0,8.0,2.45,PR14,,PR03,,,
P0035,S0013,2017-01-02,2.0,4.54,5.0,2.45,PR14,,PR03,,,
P0035,S0014,2017-01-02,1.0,2.27,4.0,2.45,PR14,,PR03,,,
P0035,S0015,2017-01-02,1.0,2.27,5.0,2.45,PR14,,PR03,,,
P0035,S0016,2017-01-02,0.0,0.0,2.0,2.45,PR14,,PR03,,,
P0035,S0018,2017-01-02,0.0,0.0,1.0,2.45,PR14,,PR03,,,
P0035,S0020,2017-01-02,0.0,0.0,2.0,2.45,PR14,,PR03,,,
P0035,S0021,2017-01-02,0.0,0.0,4.0,2.45,PR14,,PR03,,,
P0035,S0022,2017-01-02,0.0,0.0,1.0,2.45,PR14,,PR03,,,
P0035,S0023,2017-01-02,2.0,4.54,49.0,2.45,PR14,,PR03,,,
P0035,S0024,2017-01-02,1.0,2.27,0.0,2.45,PR14,,PR03,,,
P0035,S0025,2017-01-02,2.0,4.54,7.0,2.45,PR14,,PR03,,,
P0035,S0026,2017-01-02,1.0,2.27,13.0,2.45,PR14,,PR03,,,
P0035,S0027,2017-01-02,1.0,2.27,2.0,2.45,PR14,,PR03,,,
P0035,S0028,2017-01-02,1.0,3.84,0.0,,PR14,,PR03,,,
P0035,S0030,2017-01-02,2.0,4.54,1.0,2.45,PR14,,PR03,,,
P0035,S0031,2017-01-02,2.0,4.54,12.0,2.45,PR14,,PR03,,,
P0035,S0032,2017-01-02,0.0,0.0,13.0,2.45,PR14,,PR03,,,
P0035,S0033,2017-01-02,0.0,0.0,2.0,2.45,PR14,,PR03,,,
P0035,S0034,2017-01-02,0.0,0.0,5.0,2.45,PR14,,PR03,,,
P0035,S0039,2017-01-02,0.0,0.0,4.0,2.45,PR14,,PR03,,,
P0035,S0040,2017-01-02,0.0,0.0,2.0,2.45,PR14,,PR03,,,
P0035,S0050,2017-01-02,0.0,0.0,3.0,2.45,PR14,,PR03,,,
P0035,S0051,2017-01-02,0.0,0.0,29.0,2.45,PR14,,PR03,,,
P0035,S0053,2017-01-02,0.0,0.0,5.0,2.45,PR14,,PR03,,,
P0035,S0055,2017-01-02,0.0,0.0,3.0,2.45,PR14,,PR03,,,
P0035,S0056,2017-01-02,2.0,4.54,10.0,2.45,PR14,,PR03,,,
P0035,S0058,2017-01-02,0.0,0.0,1.0,2.45,PR14,,PR03,,,
P0035,S0060,2017-01-02,0.0,0.0,11.0,2.45,PR14,,PR03,,,
P0035,S0062,2017-01-02,0.0,0.0,23.0,2.45,PR14,,PR03,,,
P0035,S0063,2017-01-02,0.0,0.0,3.0,2.45,PR14,,PR03,,,
P0035,S0065,2017-01-02,1.0,3.52,3.0,3.8,PR14,,PR03,,,
P0035,S0066,2017-01-02,0.0,0.0,28.0,2.45,PR14,,PR03,,,
P0035,S0068,2017-01-02,0.0,0.0,1.0,2.45,PR14,,PR03,,,
P0035,S0070,2017-01-02,0.0,0.0,2.0,2.45,PR14,,PR03,,,
P0035,S0072,2017-01-02,2.0,7.69,0.0,,PR14,,PR03,,,
P0035,S0073,2017-01-02,0.0,0.0,5.0,2.45,PR14,,PR03,,,
P0035,S0074,2017-01-02,0.0,0.0,32.0,2.45,PR14,,PR03,,,
P0035,S0077,2017-01-02,0.0,0.0,9.0,2.45,PR14,,PR03,,,
P0035,S0078,2017-01-02,0.0,0.0,13.0,2.45,PR14,,PR03,,,
P0035,S0080,2017-01-02,0.0,0.0,11.0,2.45,PR14,,PR03,,,
P0035,S0082,2017-01-02,0.0,0.0,2.0,2.45,PR14,,PR03,,,
P0035,S0083,2017-01-02,0.0,0.0,2.0,2.45,PR14,,PR03,,,
P0035,S0085,2017-01-02,1.0,2.27,33.0,2.45,PR14,,PR03,,,
P0035,S0086,2017-01-02,0.0,0.0,5.0,2.45,PR14,,PR03,,,
P0035,S0087,2017-01-02,0.0,0.0,2.0,2.45,PR14,,PR03,,,
P0035,S0088,2017-01-02,0.0,0.0,2.0,2.45,PR14,,PR03,,,
P0035,S0089,2017-01-02,0.0,0.0,13.0,2.45,PR14,,PR03,,,
P0035,S0090,2017-01-02,0.0,0.0,6.0,3.8,PR14,,PR03,,,
P0035,S0091,2017-01-02,1.0,2.27,5.0,2.45,PR14,,PR03,,,
P0035,S0096,2017-01-02,3.0,6.81,9.0,2.45,PR14,,PR03,,,
P0035,S0097,2017-01-02,0.0,0.0,7.0,2.45,PR14,,PR03,,,
P0035,S0099,2017-01-02,1.0,2.27,5.0,2.45,PR14,,PR03,,,
P0035,S0102,2017-01-02,0.0,0.0,3.0,2.45,PR14,,PR03,,,
P0035,S0103,2017-01-02,1.0,2.27,0.0,2.45,PR14,,PR03,,,
P0035,S0104,2017-01-02,1.0,2.27,33.0,2.45,PR14,,PR03,,,
P0035,S0106,2017-01-02,0.0,0.0,4.0,2.45,PR14,,PR03,,,
P0035,S0107,2017-01-02,0.0,0.0,6.0,2.45,PR14,,PR03,,,
P0035,S0108,2017-01-02,1.0,2.27,12.0,2.45,PR14,,PR03,,,
P0035,S0110,2017-01-02,0.0,0.0,4.0,2.45,PR14,,PR03,,,
P0035,S0113,2017-01-02,0.0,0.0,5.0,2.45,PR14,,PR03,,,
P0035,S0116,2017-01-02,0.0,0.0,4.0,2.45,PR14,,PR03,,,
P0035,S0119,2017-01-02,0.0,0.0,3.0,2.45,PR14,,PR03,,,
P0035,S0120,2017-01-02,2.0,4.54,1.0,2.45,PR14,,PR03,,,
P0035,S0122,2017-01-02,1.0,2.27,7.0,2.45,PR14,,PR03,,,
P0035,S0123,2017-01-02,0.0,0.0,2.0,2.45,PR14,,PR03,,,
P0035,S0124,2017-01-02,0.0,0.0,4.0,2.45,PR14,,PR03,,,
P0035,S0125,2017-01-02,0.0,0.0,4.0,2.45,PR14,,PR03,,,
P0035,S0130,2017-01-02,0.0,0.0,3.0,2.45,PR14,,PR03,,,
P0035,S0131,2017-01-02,0.0,0.0,11.0,2.45,PR14,,PR03,,,
P0035,S0132,2017-01-02,0.0,0.0,17.0,2.45,PR14,,PR03,,,
P0035,S0135,2017-01-02,1.0,2.27,10.0,2.45,PR14,,PR03,,,
P0035,S0138,2017-01-02,3.0,6.81,30.0,2.45,PR14,,PR03,,,
P0035,S0139,2017-01-02,0.0,0.0,4.0,2.45,PR14,,PR03,,,
P0035,S0140,2017-01-02,0.0,0.0,2.0,2.45,PR14,,PR03,,,
P0035,S0141,2017-01-02,0.0,0.0,6.0,2.45,PR14,,PR03,,,
P0035,S0143,2017-01-02,0.0,0.0,6.0,2.45,PR14,,PR03,,,
P0043,S0066,2017-01-02,0.0,0.0,3.0,22.9,PR05,high,PR03,,,
P0043,S0085,2017-01-02,0.0,0.0,1.0,22.9,PR05,high,PR03,,,
P0043,S0097,2017-01-02,0.0,0.0,4.0,22.9,PR05,high,PR03,,,
P0043,S0113,2017-01-02,0.0,0.0,1.0,22.9,PR05,high,PR03,,,
P0043,S0138,2017-01-02,0.0,0.0,2.0,22.9,PR05,high,PR03,,,
P0043,S0142,2017-01-02,0.0,0.0,18.0,22.9,PR05,high,PR03,,,
P0046,S0001,2017-01-02,0.0,0.0,4.0,34.5,PR14,,PR03,,,
P0046,S0002,2017-01-02,0.0,0.0,11.0,34.5,PR14,,PR03,,,
P0046,S0004,2017-01-02,0.0,0.0,10.0,34.5,PR14,,PR03,,,
P0046,S0008,2017-01-02,0.0,0.0,10.0,34.5,PR14,,PR03,,,
P0046,S0010,2017-01-02,0.0,0.0,15.0,34.5,PR14,,PR03,,,
P0046,S0012,2017-01-02,0.0,0.0,11.0,34.5,PR14,,PR03,,,
P0046,S0013,2017-01-02,1.0,29.24,4.0,34.5,PR14,,PR03,,,
P0046,S0015,2017-01-02,0.0,0.0,7.0,34.5,PR14,,PR03,,,
P0046,S0018,2017-01-02,0.0,0.0,10.0,34.5,PR14,,PR03,,,
P0046,S0020,2017-01-02,0.0,0.0,3.0,34.5,PR14,,PR03,,,
P0046,S0022,2017-01-02,0.0,0.0,4.0,34.5,PR14,,PR03,,,
P0046,S0023,2017-01-02,0.0,0.0,12.0,34.5,PR14,,PR03,,,
P0046,S0024,2017-01-02,0.0,0.0,5.0,34.5,PR14,,PR03,,,
P0046,S0025,2017-01-02,0.0,0.0,20.0,34.5,PR14,,PR03,,,
P0046,S0026,2017-01-02,0.0,0.0,18.0,34.5,PR14,,PR03,,,
P0046,S0027,2017-01-02,0.0,0.0,18.0,34.5,PR14,,PR03,,,
P0046,S0031,2017-01-02,0.0,0.0,6.0,34.5,PR14,,PR03,,,
P0046,S0035,2017-01-02,0.0,0.0,19.0,34.5,PR14,,PR03,,,
P0046,S0038,2017-01-02,0.0,0.0,22.0,34.5,PR14,,PR03,,,
P0046,S0040,2017-01-02,0.0,0.0,8.0,34.5,PR14,,PR03,,,
P0046,S0043,2017-01-02,0.0,0.0,10.0,34.5,PR14,,PR03,,,
P0046,S0045,2017-01-02,0.0,0.0,10.0,34.5,PR14,,PR03,,,
P0046,S0049,2017-01-02,0.0,0.0,5.0,34.5,PR14,,PR03,,,
P0046,S0050,2017-01-02,0.0,0.0,5.0,34.5,PR14,,PR03,,,
P0046,S0051,2017-01-02,0.0,0.0,10.0,34.5,PR14,,PR03,,,
P0046,S0052,2017-01-02,0.0,0.0,7.0,34.5,PR14,,PR03,,,
P0046,S0055,2017-01-02,1.0,29.24,7.0,34.5,PR14,,PR03,,,
P0046,S0056,2017-01-02,0.0,0.0,6.0,34.5,PR14,,PR03,,,
P0046,S0058,2017-01-02,0.0,0.0,10.0,34.5,PR14,,PR03,,,
P0046,S0060,2017-01-02,0.0,0.0,7.0,34.5,PR14,,PR03,,,
P0046,S0062,2017-01-02,1.0,29.24,12.0,34.5,PR14,,PR03,,,
P0046,S0063,2017-01-02,0.0,0.0,5.0,34.5,PR14,,PR03,,,
P0046,S0065,2017-01-02,0.0,0.0,9.0,34.5,PR14,,PR03,,,
P0046,S0066,2017-01-02,0.0,0.0,7.0,34.5,PR14,,PR03,,,
P0046,S0067,2017-01-02,0.0,0.0,10.0,34.5,PR14,,PR03,,,
P0046,S0070,2017-01-02,0.0,0.0,7.0,34.5,PR14,,PR03,,,
P0046,S0073,2017-01-02,0.0,0.0,10.0,34.5,PR14,,PR03,,,
P0046,S0078,2017-01-02,0.0,0.0,3.0,34.5,PR14,,PR03,,,
P0046,S0082,2017-01-02,0.0,0.0,5.0,34.5,PR14,,PR03,,,
P0046,S0083,2017-01-02,0.0,0.0,9.0,34.5,PR14,,PR03,,,
P0046,S0084,2017-01-02,0.0,0.0,11.0,34.5,PR14,,PR03,,,
P0046,S0085,2017-01-02,1.0,29.24,12.0,34.5,PR14,,PR03,,,
P0046,S0087,2017-01-02,0.0,0.0,10.0,34.5,PR14,,PR03,,,
P0046,S0088,2017-01-02,0.0,0.0,16.0,34.5,PR14,,PR03,,,
P0046,S0090,2017-01-02,0.0,0.0,9.0,34.5,PR14,,PR03,,,
P0046,S0091,2017-01-02,0.0,0.0,11.0,34.5,PR14,,PR03,,,
P0046,S0094,2017-01-02,0.0,0.0,18.0,34.5,PR14,,PR03,,,
P0046,S0095,2017-01-02,1.0,29.24,9.0,34.5,PR14,,PR03,,,
P0046,S0096,2017-01-02,0.0,0.0,12.0,34.5,PR14,,PR03,,,
P0046,S0097,2017-01-02,1.0,29.24,11.0,34.5,PR14,,PR03,,,
P0046,S0102,2017-01-02,0.0,0.0,7.0,34.5,PR14,,PR03,,,
P0046,S0103,2017-01-02,0.0,0.0,10.0,34.5,PR14,,PR03,,,
P0046,S0104,2017-01-02,0.0,0.0,9.0,34.5,PR14,,PR03,,,
P0046,S0105,2017-01-02,0.0,0.0,6.0,34.5,PR14,,PR03,,,
P0046,S0106,2017-01-02,0.0,0.0,8.0,34.5,PR14,,PR03,,,
P0046,S0107,2017-01-02,0.0,0.0,9.0,34.5,PR14,,PR03,,,
P0046,S0108,2017-01-02,0.0,0.0,3.0,34.5,PR14,,PR03,,,
P0046,S0110,2017-01-02,0.0,0.0,7.0,34.5,PR14,,PR03,,,
P0046,S0113,2017-01-02,0.0,0.0,10.0,34.5,PR14,,PR03,,,
P0046,S0115,2017-01-02,0.0,0.0,10.0,34.5,PR14,,PR03,,,
P0046,S0117,2017-01-02,0.0,0.0,9.0,34.5,PR14,,PR03,,,
P0046,S0122,2017-01-02,0.0,0.0,7.0,34.5,PR14,,PR03,,,
P0046,S0123,2017-01-02,0.0,0.0,2.0,34.5,PR14,,PR03,,,
P0046,S0125,2017-01-02,0.0,0.0,4.0,34.5,PR14,,PR03,,,
P0046,S0126,2017-01-02,1.0,29.24,17.0,34.5,PR14,,PR03,,,
P0046,S0131,2017-01-02,0.0,0.0,5.0,34.5,PR14,,PR03,,,
P0046,S0132,2017-01-02,0.0,0.0,7.0,34.5,PR14,,PR03,,,
P0046,S0137,2017-01-02,0.0,0.0,9.0,34.5,PR14,,PR03,,,
P0046,S0138,2017-01-02,0.0,0.0,4.0,34.5,PR14,,PR03,,,
P0046,S0139,2017-01-02,0.0,0.0,7.0,34.5,PR14,,PR03,,,
P0046,S0142,2017-01-02,0.0,0.0,2.0,34.5,PR14,,PR03,,,
P0046,S0144,2017-01-02,0.0,0.0,12.0,34.5,PR14,,PR03,,,
P0050,S0038,2017-01-02,0.0,0.0,23.0,5.95,PR05,verylow,PR03,,,
P0050,S0050,2017-01-02,0.0,0.0,21.0,5.95,PR05,verylow,PR03,,,
P0050,S0055,2017-01-02,0.0,0.0,3.0,5.95,PR05,verylow,PR03,,,
P0050,S0062,2017-01-02,0.0,0.0,11.0,5.95,PR05,verylow,PR03,,,
P0050,S0083,2017-01-02,0.0,0.0,6.0,5.95,PR05,verylow,PR03,,,
P0050,S0085,2017-01-02,0.0,0.0,16.0,5.95,PR05,verylow,PR03,,,
P0050,S0094,2017-01-02,0.0,0.0,11.0,5.95,PR05,verylow,PR03,,,
P0050,S0110,2017-01-02,0.0,0.0,8.0,5.95,PR05,verylow,PR03,,,
P0050,S0115,2017-01-02,0.0,0.0,13.0,5.95,PR05,verylow,PR03,,,
P0050,S0132,2017-01-02,0.0,0.0,12.0,5.95,PR05,verylow,PR03,,,
P0051,S0001,2017-01-02,0.0,0.0,27.0,0.7,PR14,,PR03,,,
P0051,S0002,2017-01-02,7.0,4.54,132.0,0.7,PR14,,PR03,,,
P0051,S0003,2017-01-02,3.0,1.94,61.0,0.7,PR14,,PR03,,,
P0051,S0004,2017-01-02,0.0,0.0,10.0,0.7,PR14,,PR03,,,
P0051,S0006,2017-01-02,0.0,0.0,20.0,0.7,PR14,,PR03,,,
P0051,S0008,2017-01-02,0.0,0.0,41.0,0.7,PR14,,PR03,,,
P0051,S0009,2017-01-02,1.0,0.65,31.0,0.7,PR14,,PR03,,,
P0051,S0010,2017-01-02,6.0,3.89,26.0,0.7,PR14,,PR03,,,
P0051,S0011,2017-01-02,1.0,0.65,38.0,0.7,PR14,,PR03,,,
P0051,S0012,2017-01-02,0.0,0.0,1.0,0.7,PR14,,PR03,,,
P0051,S0013,2017-01-02,8.0,5.19,0.0,0.7,PR14,,PR03,,,
P0051,S0014,2017-01-02,4.0,2.59,53.0,0.7,PR14,,PR03,,,
P0051,S0015,2017-01-02,0.0,0.0,9.0,0.7,PR14,,PR03,,,
P0051,S0016,2017-01-02,2.0,1.3,34.0,0.7,PR14,,PR03,,,
P0051,S0018,2017-01-02,0.0,0.0,55.0,0.7,PR14,,PR03,,,
P0051,S0019,2017-01-02,1.0,0.65,48.0,0.7,PR14,,PR03,,,
P0051,S0020,2017-01-02,10.0,6.48,148.0,0.7,PR14,,PR03,,,
P0051,S0021,2017-01-02,4.0,2.59,11.0,0.7,PR14,,PR03,,,
P0051,S0022,2017-01-02,0.0,0.0,5.0,0.7,PR14,,PR03,,,
P0051,S0023,2017-01-02,0.0,0.0,34.0,0.7,PR14,,PR03,,,
P0051,S0024,2017-01-02,12.0,7.78,380.0,0.7,PR14,,PR03,,,
P0051,S0026,2017-01-02,10.0,6.48,103.0,0.7,PR14,,PR03,,,
P0051,S0027,2017-01-02,6.0,3.89,54.0,0.7,PR14,,PR03,,,
P0051,S0028,2017-01-02,4.0,2.59,0.0,,PR14,,PR03,,,
P0051,S0029,2017-01-02,3.0,1.94,0.0,,PR14,,PR03,,,
P0051,S0030,2017-01-02,0.0,0.0,27.0,0.7,PR14,,PR03,,,
P0051,S0031,2017-01-02,1.0,0.65,95.0,0.7,PR14,,PR03,,,
P0051,S0032,2017-01-02,0.0,0.0,42.0,0.7,PR14,,PR03,,,
P0051,S0033,2017-01-02,1.0,0.65,90.0,0.7,PR14,,PR03,,,
P0051,S0034,2017-01-02,0.0,0.0,26.0,0.7,PR14,,PR03,,,
P0051,S0035,2017-01-02,1.0,0.65,8.0,0.7,PR14,,PR03,,,
P0051,S0038,2017-01-02,71.0,46.02,2110.0,0.7,PR14,,PR03,,,
P0051,S0039,2017-01-02,1.0,0.65,4.0,0.7,PR14,,PR03,,,
P0051,S0040,2017-01-02,3.0,1.94,20.0,0.7,PR14,,PR03,,,
P0051,S0041,2017-01-02,2.0,1.3,25.0,0.7,PR14,,PR03,,,
P0051,S0043,2017-01-02,4.0,2.59,259.0,0.7,PR14,,PR03,,,
P0051,S0044,2017-01-02,0.0,0.0,12.0,0.7,PR14,,PR03,,,
P0051,S0045,2017-01-02,0.0,0.0,17.0,0.7,PR14,,PR03,,,
P0051,S0048,2017-01-02,2.0,1.3,0.0,,PR14,,PR03,,,
P0051,S0049,2017-01-02,0.0,0.0,106.0,0.7,PR14,,PR03,,,
P0051,S0050,2017-01-02,0.0,0.0,4.0,0.7,PR14,,PR03,,,
P0051,S0051,2017-01-02,2.0,1.3,11.0,0.7,PR14,,PR03,,,
P0051,S0052,2017-01-02,0.0,0.0,19.0,0.7,PR14,,PR03,,,
P0051,S0053,2017-01-02,0.0,0.0,36.0,0.7,PR14,,PR03,,,
P0051,S0054,2017-01-02,0.0,0.0,21.0,0.7,PR14,,PR03,,,
P0051,S0055,2017-01-02,2.0,1.3,23.0,0.7,PR14,,PR03,,,
P0051,S0056,2017-01-02,3.0,1.94,5.0,0.7,PR14,,PR03,,,
P0051,S0058,2017-01-02,3.0,1.94,7.0,0.7,PR14,,PR03,,,
P0051,S0062,2017-01-02,11.0,7.13,38.0,0.7,PR14,,PR03,,,
P0051,S0063,2017-01-02,3.0,1.94,33.0,0.7,PR14,,PR03,,,
P0051,S0066,2017-01-02,1.0,0.65,5.0,0.7,PR14,,PR03,,,
P0051,S0067,2017-01-02,5.0,3.24,1.0,0.7,PR14,,PR03,,,
P0051,S0068,2017-01-02,0.0,0.0,52.0,0.7,PR14,,PR03,,,
P0051,S0070,2017-01-02,1.0,0.65,26.0,0.7,PR14,,PR03,,,
P0051,S0072,2017-01-02,3.0,1.94,0.0,,PR14,,PR03,,,
P0051,S0073,2017-01-02,4.0,2.59,9.0,0.7,PR14,,PR03,,,
P0051,S0074,2017-01-02,0.0,0.0,61.0,0.7,PR14,,PR03,,,
P0051,S0077,2017-01-02,6.0,3.89,55.0,0.7,PR14,,PR03,,,
P0051,S0078,2017-01-02,0.0,0.0,20.0,0.7,PR14,,PR03,,,
P0051,S0080,2017-01-02,6.0,3.89,94.0,0.7,PR14,,PR03,,,
P0051,S0081,2017-01-02,2.0,1.3,0.0,,PR14,,PR03,,,
P0051,S0082,2017-01-02,0.0,0.0,32.0,0.7,PR14,,PR03,,,
P0051,S0083,2017-01-02,0.0,0.0,21.0,0.7,PR14,,PR03,,,
P0051,S0084,2017-01-02,1.0,0.65,39.0,0.7,PR14,,PR03,,,
P0051,S0085,2017-01-02,15.0,9.72,227.0,0.7,PR14,,PR03,,,
P0051,S0086,2017-01-02,2.0,1.3,30.0,0.7,PR14,,PR03,,,
P0051,S0087,2017-01-02,10.0,6.48,140.0,0.7,PR14,,PR03,,,
P0051,S0088,2017-01-02,0.0,0.0,53.0,0.7,PR14,,PR03,,,
P0051,S0089,2017-01-02,0.0,0.0,54.0,0.7,PR14,,PR03,,,
P0051,S0091,2017-01-02,0.0,0.0,13.0,0.7,PR14,,PR03,,,
P0051,S0093,2017-01-02,0.0,0.0,15.0,0.7,PR14,,PR03,,,
P0051,S0094,2017-01-02,0.0,0.0,132.0,0.7,PR14,,PR03,,,
P0051,S0095,2017-01-02,0.0,0.0,1.0,0.7,PR14,,PR03,,,
P0051,S0096,2017-01-02,2.0,1.3,12.0,0.7,PR14,,PR03,,,
P0051,S0097,2017-01-02,13.0,8.43,242.0,0.7,PR14,,PR03,,,
P0051,S0098,2017-01-02,5.0,3.24,0.0,,PR14,,PR03,,,
P0051,S0099,2017-01-02,2.0,1.3,8.0,0.7,PR14,,PR03,,,
P0051,S0102,2017-01-02,0.0,0.0,4.0,0.7,PR14,,PR03,,,
P0051,S0103,2017-01-02,2.0,1.3,41.0,0.7,PR14,,PR03,,,
P0051,S0104,2017-01-02,4.0,2.59,274.0,0.7,PR14,,PR03,,,
P0051,S0105,2017-01-02,2.0,1.3,19.0,0.7,PR14,,PR03,,,
P0051,S0106,2017-01-02,2.0,1.3,25.0,0.7,PR14,,PR03,,,
P0051,S0107,2017-01-02,0.0,0.0,13.0,0.7,PR14,,PR03,,,
P0051,S0108,2017-01-02,3.0,1.94,26.0,0.7,PR14,,PR03,,,
P0051,S0110,2017-01-02,2.0,1.3,48.0,0.7,PR14,,PR03,,,
P0051,S0112,2017-01-02,3.0,1.94,0.0,,PR14,,PR03,,,
P0051,S0113,2017-01-02,2.0,1.3,10.0,0.7,PR14,,PR03,,,
P0051,S0115,2017-01-02,10.0,6.48,246.0,0.7,PR14,,PR03,,,
P0051,S0116,2017-01-02,3.0,1.94,24.0,0.7,PR14,,PR03,,,
P0051,S0117,2017-01-02,0.0,0.0,10.0,0.7,PR14,,PR03,,,
P0051,S0119,2017-01-02,0.0,0.0,24.0,0.7,PR14,,PR03,,,
P0051,S0120,2017-01-02,0.0,0.0,11.0,0.7,PR14,,PR03,,,
P0051,S0121,2017-01-02,3.0,1.94,0.0,,PR14,,PR03,,,
P0051,S0122,2017-01-02,2.0,1.3,16.0,0.7,PR14,,PR03,,,
P0051,S0123,2017-01-02,4.0,2.59,16.0,0.7,PR14,,PR03,,,
P0051,S0124,2017-01-02,0.0,0.0,31.0,0.7,PR14,,PR03,,,
P0051,S0125,2017-01-02,4.0,2.59,30.0,0.7,PR14,,PR03,,,
P0051,S0126,2017-01-02,1.0,0.65,70.0,0.7,PR14,,PR03,,,
P0051,S0127,2017-01-02,0.0,0.0,10.0,0.7,PR14,,PR03,,,
P0051,S0128,2017-01-02,7.0,4.54,0.0,,PR14,,PR03,,,
P0051,S0130,2017-01-02,1.0,0.65,36.0,0.7,PR14,,PR03,,,
P0051,S0131,2017-01-02,0.0,0.0,7.0,0.7,PR14,,PR03,,,
P0051,S0132,2017-01-02,0.0,0.0,2.0,0.7,PR14,,PR03,,,
P0051,S0135,2017-01-02,6.0,3.89,19.0,0.7,PR14,,PR03,,,
P0051,S0137,2017-01-02,0.0,0.0,17.0,0.7,PR14,,PR03,,,
P0051,S0138,2017-01-02,18.0,11.67,80.0,0.7,PR14,,PR03,,,
P0051,S0139,2017-01-02,0.0,0.0,41.0,0.7,PR14,,PR03,,,
P0051,S0140,2017-01-02,0.0,0.0,57.0,0.7,PR14,,PR03,,,
P0051,S0141,2017-01-02,0.0,0.0,24.0,0.7,PR14,,PR03,,,
P0051,S0142,2017-01-02,0.0,0.0,15.0,0.7,PR14,,PR03,,,
P0051,S0143,2017-01-02,0.0,0.0,16.0,0.7,PR14,,PR03,,,
P0051,S0144,2017-01-02,0.0,0.0,9.0,0.7,PR14,,PR03,,,
P0054,S0001,2017-01-02,0.0,0.0,6.0,3.95,PR14,,PR03,,,
P0054,S0002,2017-01-02,0.0,0.0,4.0,3.95,PR14,,PR03,,,
P0054,S0004,2017-01-02,0.0,0.0,6.0,3.95,PR14,,PR03,,,
P0054,S0010,2017-01-02,0.0,0.0,4.0,3.95,PR14,,PR03,,,
P0054,S0012,2017-01-02,0.0,0.0,3.0,3.95,PR14,,PR03,,,
P0054,S0013,2017-01-02,0.0,0.0,8.0,3.95,PR14,,PR03,,,
P0054,S0015,2017-01-02,0.0,0.0,5.0,3.95,PR14,,PR03,,,
P0054,S0018,2017-01-02,0.0,0.0,5.0,3.95,PR14,,PR03,,,
P0054,S0020,2017-01-02,0.0,0.0,13.0,3.95,PR14,,PR03,,,
P0054,S0023,2017-01-02,0.0,0.0,3.0,3.95,PR14,,PR03,,,
P0054,S0024,2017-01-02,0.0,0.0,5.0,3.95,PR14,,PR03,,,
P0054,S0025,2017-01-02,0.0,0.0,10.0,3.95,PR14,,PR03,,,
P0054,S0026,2017-01-02,0.0,0.0,11.0,3.95,PR14,,PR03,,,
P0054,S0027,2017-01-02,0.0,0.0,8.0,3.95,PR14,,PR03,,,
P0054,S0031,2017-01-02,0.0,0.0,5.0,3.95,PR14,,PR03,,,
P0054,S0035,2017-01-02,0.0,0.0,6.0,3.95,PR14,,PR03,,,
P0054,S0038,2017-01-02,0.0,0.0,11.0,3.95,PR14,,PR03,,,
P0054,S0040,2017-01-02,0.0,0.0,10.0,3.95,PR14,,PR03,,,
P0054,S0043,2017-01-02,0.0,0.0,6.0,3.95,PR14,,PR03,,,
P0054,S0049,2017-01-02,0.0,0.0,6.0,3.95,PR14,,PR03,,,
P0054,S0050,2017-01-02,0.0,0.0,6.0,3.95,PR14,,PR03,,,
P0054,S0051,2017-01-02,0.0,0.0,7.0,3.95,PR14,,PR03,,,
P0054,S0052,2017-01-02,0.0,0.0,6.0,3.95,PR14,,PR03,,,
P0054,S0055,2017-01-02,0.0,0.0,6.0,3.95,PR14,,PR03,,,
P0054,S0056,2017-01-02,0.0,0.0,10.0,3.95,PR14,,PR03,,,
P0054,S0058,2017-01-02,0.0,0.0,8.0,3.95,PR14,,PR03,,,
P0054,S0060,2017-01-02,0.0,0.0,3.0,3.95,PR14,,PR03,,,
P0054,S0062,2017-01-02,1.0,3.66,9.0,3.95,PR14,,PR03,,,
P0054,S0063,2017-01-02,0.0,0.0,3.0,3.95,PR14,,PR03,,,
P0054,S0066,2017-01-02,0.0,0.0,7.0,3.95,PR14,,PR03,,,
P0054,S0067,2017-01-02,1.0,3.66,4.0,3.95,PR14,,PR03,,,
P0054,S0070,2017-01-02,0.0,0.0,3.0,3.95,PR14,,PR03,,,
P0054,S0073,2017-01-02,0.0,0.0,4.0,3.95,PR14,,PR03,,,
P0054,S0078,2017-01-02,0.0,0.0,9.0,3.95,PR14,,PR03,,,
P0054,S0082,2017-01-02,0.0,0.0,5.0,3.95,PR14,,PR03,,,
P0054,S0083,2017-01-02,0.0,0.0,5.0,3.95,PR14,,PR03,,,
P0054,S0084,2017-01-02,0.0,0.0,6.0,3.95,PR14,,PR03,,,
P0054,S0085,2017-01-02,0.0,0.0,13.0,3.95,PR14,,PR03,,,
P0054,S0087,2017-01-02,0.0,0.0,5.0,3.95,PR14,,PR03,,,
P0054,S0091,2017-01-02,0.0,0.0,5.0,3.95,PR14,,PR03,,,
P0054,S0093,2017-01-02,1.0,3.66,0.0,3.95,PR14,,PR03,,,
P0054,S0094,2017-01-02,0.0,0.0,11.0,3.95,PR14,,PR03,,,
P0054,S0096,2017-01-02,0.0,0.0,5.0,3.95,PR14,,PR03,,,
P0054,S0097,2017-01-02,1.0,3.66,5.0,3.95,PR14,,PR03,,,
P0054,S0102,2017-01-02,0.0,0.0,5.0,3.95,PR14,,PR03,,,
P0054,S0103,2017-01-02,0.0,0.0,13.0,3.95,PR14,,PR03,,,
P0054,S0104,2017-01-02,0.0,0.0,12.0,3.95,PR14,,PR03,,,
P0054,S0105,2017-01-02,0.0,0.0,9.0,3.95,PR14,,PR03,,,
P0054,S0106,2017-01-02,0.0,0.0,6.0,3.95,PR14,,PR03,,,
P0054,S0107,2017-01-02,0.0,0.0,5.0,3.95,PR14,,PR03,,,
P0054,S0108,2017-01-02,0.0,0.0,4.0,3.95,PR14,,PR03,,,
P0054,S0110,2017-01-02,0.0,0.0,5.0,3.95,PR14,,PR03,,,
P0054,S0113,2017-01-02,0.0,0.0,3.0,3.95,PR14,,PR03,,,
P0054,S0115,2017-01-02,0.0,0.0,3.0,3.95,PR14,,PR03,,,
P0054,S0122,2017-01-02,0.0,0.0,4.0,3.95,PR14,,PR03,,,
P0054,S0123,2017-01-02,0.0,0.0,3.0,3.95,PR14,,PR03,,,
P0054,S0125,2017-01-02,0.0,0.0,3.0,3.95,PR14,,PR03,,,
P0054,S0126,2017-01-02,0.0,0.0,5.0,3.95,PR14,,PR03,,,
P0054,S0131,2017-01-02,0.0,0.0,4.0,3.95,PR14,,PR03,,,
P0054,S0132,2017-01-02,0.0,0.0,5.0,3.95,PR14,,PR03,,,
P0054,S0137,2017-01-02,1.0,3.66,3.0,3.95,PR14,,PR03,,,
P0054,S0138,2017-01-02,0.0,0.0,5.0,3.95,PR14,,PR03,,,
P0054,S0139,2017-01-02,0.0,0.0,3.0,3.95,PR14,,PR03,,,
P0054,S0142,2017-01-02,0.0,0.0,5.0,3.95,PR14,,PR03,,,
P0055,S0001,2017-01-02,0.0,0.0,14.0,3.5,PR05,verylow,PR03,,,
P0055,S0002,2017-01-02,0.0,0.0,5.0,3.5,PR05,verylow,PR03,,,
P0055,S0003,2017-01-02,0.0,0.0,21.0,3.5,PR05,verylow,PR03,,,
P0055,S0004,2017-01-02,0.0,0.0,15.0,3.5,PR05,verylow,PR03,,,
P0055,S0008,2017-01-02,0.0,0.0,10.0,3.5,PR05,verylow,PR03,,,
P0055,S0009,2017-01-02,1.0,3.24,24.0,3.5,PR05,verylow,PR03,,,
P0055,S0010,2017-01-02,2.0,5.19,7.0,3.5,PR05,verylow,PR03,,,
P0055,S0011,2017-01-02,0.0,0.0,14.0,3.5,PR05,verylow,PR03,,,
P0055,S0012,2017-01-02,0.0,0.0,17.0,3.5,PR05,verylow,PR03,,,
P0055,S0013,2017-01-02,0.0,0.0,11.0,3.5,PR05,verylow,PR03,,,
P0055,S0014,2017-01-02,0.0,0.0,42.0,3.5,PR05,verylow,PR03,,,
P0055,S0015,2017-01-02,1.0,2.59,29.0,3.5,PR05,verylow,PR03,,,
P0055,S0016,2017-01-02,0.0,0.0,19.0,3.5,PR05,verylow,PR03,,,
P0055,S0018,2017-01-02,0.0,0.0,2.0,3.5,PR05,verylow,PR03,,,
P0055,S0020,2017-01-02,1.0,2.59,15.0,3.5,PR05,verylow,PR03,,,
P0055,S0021,2017-01-02,0.0,0.0,7.0,3.5,PR05,verylow,PR03,,,
P0055,S0022,2017-01-02,0.0,0.0,6.0,3.5,PR05,verylow,PR03,,,
P0055,S0023,2017-01-02,0.0,0.0,5.0,3.5,PR05,verylow,PR03,,,
P0055,S0024,2017-01-02,1.0,2.59,43.0,3.5,PR05,verylow,PR03,,,
P0055,S0025,2017-01-02,0.0,0.0,12.0,3.5,PR05,verylow,PR03,,,
P0055,S0026,2017-01-02,1.0,2.59,40.0,3.5,PR05,verylow,PR03,,,
P0055,S0027,2017-01-02,0.0,0.0,22.0,3.5,PR05,verylow,PR03,,,
P0055,S0030,2017-01-02,0.0,0.0,12.0,3.5,PR05,verylow,PR03,,,
P0055,S0031,2017-01-02,0.0,0.0,26.0,3.5,PR05,verylow,PR03,,,
P0055,S0032,2017-01-02,0.0,0.0,9.0,3.5,PR05,verylow,PR03,,,
P0055,S0033,2017-01-02,0.0,0.0,33.0,3.5,PR05,verylow,PR03,,,
P0055,S0034,2017-01-02,0.0,0.0,14.0,3.5,PR05,verylow,PR03,,,
P0055,S0035,2017-01-02,0.0,0.0,18.0,3.5,PR05,verylow,PR03,,,
P0055,S0038,2017-01-02,2.0,5.83,13.0,3.5,PR05,verylow,PR03,,,
P0055,S0039,2017-01-02,0.0,0.0,43.0,3.5,PR05,verylow,PR03,,,
P0055,S0040,2017-01-02,0.0,0.0,15.0,3.5,PR05,verylow,PR03,,,
P0055,S0043,2017-01-02,1.0,2.59,12.0,3.5,PR05,verylow,PR03,,,
P0055,S0045,2017-01-02,0.0,0.0,9.0,3.5,PR05,verylow,PR03,,,
P0055,S0049,2017-01-02,0.0,0.0,22.0,3.5,PR05,verylow,PR03,,,
P0055,S0050,2017-01-02,0.0,0.0,15.0,3.5,PR05,verylow,PR03,,,
P0055,S0051,2017-01-02,0.0,0.0,21.0,3.5,PR05,verylow,PR03,,,
P0055,S0052,2017-01-02,0.0,0.0,21.0,3.5,PR05,verylow,PR03,,,
P0055,S0053,2017-01-02,0.0,0.0,10.0,3.5,PR05,verylow,PR03,,,
P0055,S0054,2017-01-02,0.0,0.0,11.0,3.5,PR05,verylow,PR03,,,
P0055,S0055,2017-01-02,0.0,0.0,12.0,3.5,PR05,verylow,PR03,,,
P0055,S0056,2017-01-02,0.0,0.0,14.0,3.5,PR05,verylow,PR03,,,
P0055,S0058,2017-01-02,0.0,0.0,16.0,3.5,PR05,verylow,PR03,,,
P0055,S0060,2017-01-02,0.0,0.0,22.0,3.5,PR05,verylow,PR03,,,
P0055,S0062,2017-01-02,1.0,2.59,48.0,3.5,PR05,verylow,PR03,,,
P0055,S0063,2017-01-02,0.0,0.0,23.0,3.5,PR05,verylow,PR03,,,
P0055,S0065,2017-01-02,0.0,0.0,25.0,3.15,PR14,,PR03,,,
P0055,S0066,2017-01-02,1.0,2.59,23.0,3.5,PR05,verylow,PR03,,,
P0055,S0067,2017-01-02,0.0,0.0,4.0,3.5,PR05,verylow,PR03,,,
P0055,S0068,2017-01-02,0.0,0.0,9.0,3.5,PR05,verylow,PR03,,,
P0055,S0070,2017-01-02,0.0,0.0,24.0,3.5,PR05,verylow,PR03,,,
P0055,S0073,2017-01-02,0.0,0.0,24.0,3.5,PR05,verylow,PR03,,,
P0055,S0074,2017-01-02,0.0,0.0,6.0,3.5,PR05,verylow,PR03,,,
P0055,S0077,2017-01-02,0.0,0.0,24.0,3.5,PR05,verylow,PR03,,,
P0055,S0078,2017-01-02,0.0,0.0,27.0,3.5,PR05,verylow,PR03,,,
P0055,S0080,2017-01-02,0.0,0.0,12.0,3.5,PR05,verylow,PR03,,,
P0055,S0082,2017-01-02,0.0,0.0,20.0,3.5,PR05,verylow,PR03,,,
P0055,S0083,2017-01-02,0.0,0.0,17.0,3.5,PR05,verylow,PR03,,,
P0055,S0084,2017-01-02,0.0,0.0,20.0,3.5,PR05,verylow,PR03,,,
P0055,S0085,2017-01-02,0.0,0.0,49.0,3.5,PR05,verylow,PR03,,,
P0055,S0086,2017-01-02,0.0,0.0,24.0,3.5,PR05,verylow,PR03,,,
P0055,S0087,2017-01-02,0.0,0.0,28.0,3.5,PR05,verylow,PR03,,,
P0055,S0088,2017-01-02,0.0,0.0,15.0,3.5,PR05,verylow,PR03,,,
P0055,S0089,2017-01-02,0.0,0.0,16.0,3.5,PR05,verylow,PR03,,,
P0055,S0090,2017-01-02,0.0,0.0,5.0,3.15,PR14,,PR03,,,
P0055,S0091,2017-01-02,0.0,0.0,25.0,3.5,PR05,verylow,PR03,,,
P0055,S0093,2017-01-02,0.0,0.0,21.0,3.5,PR05,verylow,PR03,,,
P0055,S0094,2017-01-02,0.0,0.0,22.0,3.5,PR05,verylow,PR03,,,
P0055,S0095,2017-01-02,0.0,0.0,14.0,3.15,PR14,,PR03,,,
P0055,S0096,2017-01-02,0.0,0.0,14.0,3.5,PR05,verylow,PR03,,,
P0055,S0097,2017-01-02,0.0,0.0,5.0,3.5,PR05,verylow,PR03,,,
P0055,S0099,2017-01-02,0.0,0.0,23.0,3.5,PR05,verylow,PR03,,,
P0055,S0102,2017-01-02,0.0,0.0,5.0,3.5,PR05,verylow,PR03,,,
P0055,S0104,2017-01-02,1.0,2.59,20.0,3.5,PR05,verylow,PR03,,,
P0055,S0105,2017-01-02,0.0,0.0,34.0,3.5,PR05,verylow,PR03,,,
P0055,S0107,2017-01-02,0.0,0.0,24.0,3.5,PR05,verylow,PR03,,,
P0055,S0108,2017-01-02,0.0,0.0,34.0,3.5,PR05,verylow,PR03,,,
P0055,S0110,2017-01-02,0.0,0.0,27.0,3.5,PR05,verylow,PR03,,,
P0055,S0113,2017-01-02,0.0,0.0,13.0,3.5,PR05,verylow,PR03,,,
P0055,S0115,2017-01-02,0.0,0.0,22.0,3.5,PR05,verylow,PR03,,,
P0055,S0116,2017-01-02,0.0,0.0,9.0,3.5,PR05,verylow,PR03,,,
P0055,S0117,2017-01-02,0.0,0.0,7.0,3.5,PR05,verylow,PR03,,,
P0055,S0119,2017-01-02,0.0,0.0,20.0,3.5,PR05,verylow,PR03,,,
P0055,S0122,2017-01-02,0.0,0.0,2.0,3.5,PR05,verylow,PR03,,,
P0055,S0123,2017-01-02,0.0,0.0,16.0,3.5,PR05,verylow,PR03,,,
P0055,S0124,2017-01-02,0.0,0.0,76.0,3.5,PR05,verylow,PR03,,,
P0055,S0125,2017-01-02,0.0,0.0,4.0,3.5,PR05,verylow,PR03,,,
P0055,S0126,2017-01-02,0.0,0.0,5.0,3.5,PR05,verylow,PR03,,,
P0055,S0130,2017-01-02,0.0,0.0,20.0,3.5,PR05,verylow,PR03,,,
P0055,S0131,2017-01-02,0.0,0.0,7.0,3.5,PR05,verylow,PR03,,,
P0055,S0132,2017-01-02,0.0,0.0,31.0,3.5,PR05,verylow,PR03,,,
P0055,S0135,2017-01-02,0.0,0.0,18.0,3.5,PR05,verylow,PR03,,,
P0055,S0137,2017-01-02,0.0,0.0,28.0,3.5,PR05,verylow,PR03,,,
P0055,S0138,2017-01-02,0.0,0.0,28.0,3.5,PR05,verylow,PR03,,,
P0055,S0139,2017-01-02,0.0,0.0,47.0,3.5,PR05,verylow,PR03,,,
P0055,S0140,2017-01-02,0.0,0.0,10.0,3.5,PR05,verylow,PR03,,,
P0055,S0141,2017-01-02,0.0,0.0,24.0,3.5,PR05,verylow,PR03,,,
P0055,S0142,2017-01-02,0.0,0.0,13.0,3.5,PR05,verylow,PR03,,,
P0055,S0143,2017-01-02,0.0,0.0,21.0,3.5,PR05,verylow,PR03,,,
P0057,S0001,2017-01-02,0.0,0.0,6.0,12.9,PR14,,PR03,,,
P0057,S0002,2017-01-02,0.0,0.0,8.0,12.9,PR14,,PR03,,,
P0057,S0008,2017-01-02,0.0,0.0,7.0,12.9,PR14,,PR03,,,
P0057,S0009,2017-01-02,0.0,0.0,1.0,12.9,PR14,,PR03,,,
P0057,S0012,2017-01-02,0.0,0.0,2.0,12.9,PR14,,PR03,,,
P0057,S0013,2017-01-02,0.0,0.0,2.0,12.9,PR14,,PR03,,,
P0057,S0020,2017-01-02,1.0,10.93,7.0,12.9,PR14,,PR03,,,
P0057,S0023,2017-01-02,0.0,0.0,4.0,12.9,PR14,,PR03,,,
P0057,S0024,2017-01-02,0.0,0.0,7.0,12.9,PR14,,PR03,,,
P0057,S0026,2017-01-02,0.0,0.0,15.0,12.9,PR14,,PR03,,,
P0057,S0030,2017-01-02,0.0,0.0,4.0,12.9,PR14,,PR03,,,
P0057,S0031,2017-01-02,0.0,0.0,9.0,12.9,PR14,,PR03,,,
P0057,S0038,2017-01-02,1.0,10.93,8.0,12.9,PR14,,PR03,,,
P0057,S0040,2017-01-02,0.0,0.0,9.0,12.9,PR14,,PR03,,,
P0057,S0043,2017-01-02,0.0,0.0,6.0,12.9,PR14,,PR03,,,
P0057,S0049,2017-01-02,0.0,0.0,9.0,12.9,PR14,,PR03,,,
P0057,S0050,2017-01-02,0.0,0.0,6.0,12.9,PR14,,PR03,,,
P0057,S0051,2017-01-02,0.0,0.0,4.0,12.9,PR14,,PR03,,,
P0057,S0054,2017-01-02,0.0,0.0,4.0,12.9,PR14,,PR03,,,
P0057,S0055,2017-01-02,0.0,0.0,10.0,12.9,PR14,,PR03,,,
P0057,S0056,2017-01-02,0.0,0.0,5.0,12.9,PR14,,PR03,,,
P0057,S0062,2017-01-02,0.0,0.0,8.0,12.9,PR14,,PR03,,,
P0057,S0065,2017-01-02,0.0,0.0,7.0,12.9,PR14,,PR03,,,
P0057,S0066,2017-01-02,0.0,0.0,6.0,12.9,PR14,,PR03,,,
P0057,S0070,2017-01-02,0.0,0.0,13.0,12.9,PR14,,PR03,,,
P0057,S0078,2017-01-02,0.0,0.0,4.0,12.9,PR14,,PR03,,,
P0057,S0082,2017-01-02,0.0,0.0,5.0,12.9,PR14,,PR03,,,
P0057,S0083,2017-01-02,0.0,0.0,5.0,12.9,PR14,,PR03,,,
P0057,S0084,2017-01-02,0.0,0.0,5.0,12.9,PR14,,PR03,,,
P0057,S0085,2017-01-02,0.0,0.0,4.0,12.9,PR14,,PR03,,,
P0057,S0087,2017-01-02,0.0,0.0,8.0,12.9,PR14,,PR03,,,
P0057,S0088,2017-01-02,0.0,0.0,7.0,12.9,PR14,,PR03,,,
P0057,S0090,2017-01-02,0.0,0.0,3.0,12.9,PR14,,PR03,,,
P0057,S0091,2017-01-02,0.0,0.0,6.0,12.9,PR14,,PR03,,,
P0057,S0094,2017-01-02,0.0,0.0,6.0,12.9,PR14,,PR03,,,
P0057,S0095,2017-01-02,0.0,0.0,8.0,12.9,PR14,,PR03,,,
P0057,S0096,2017-01-02,0.0,0.0,5.0,12.9,PR14,,PR03,,,
P0057,S0097,2017-01-02,1.0,10.93,3.0,12.9,PR14,,PR03,,,
P0057,S0102,2017-01-02,0.0,0.0,1.0,12.9,PR14,,PR03,,,
P0057,S0103,2017-01-02,0.0,0.0,2.0,12.9,PR14,,PR03,,,
P0057,S0104,2017-01-02,0.0,0.0,13.0,12.9,PR14,,PR03,,,
P0057,S0108,2017-01-02,0.0,0.0,9.0,12.9,PR14,,PR03,,,
P0057,S0110,2017-01-02,0.0,0.0,11.0,12.9,PR14,,PR03,,,
P0057,S0113,2017-01-02,0.0,0.0,8.0,12.9,PR14,,PR03,,,
P0057,S0115,2017-01-02,0.0,0.0,24.0,12.9,PR14,,PR03,,,
P0057,S0123,2017-01-02,1.0,10.93,7.0,12.9,PR14,,PR03,,,
P0057,S0125,2017-01-02,0.0,0.0,3.0,12.9,PR14,,PR03,,,
P0057,S0126,2017-01-02,0.0,0.0,5.0,12.9,PR14,,PR03,,,
P0057,S0130,2017-01-02,0.0,0.0,1.0,12.9,PR14,,PR03,,,
P0057,S0131,2017-01-02,0.0,0.0,8.0,12.9,PR14,,PR03,,,
P0057,S0132,2017-01-02,0.0,0.0,3.0,12.9,PR14,,PR03,,,
P0057,S0135,2017-01-02,0.0,0.0,2.0,12.9,PR14,,PR03,,,
P0057,S0141,2017-01-02,0.0,0.0,1.0,12.9,PR14,,PR03,,,
P0057,S0142,2017-01-02,0.0,0.0,13.0,12.9,PR14,,PR03,,,
P0057,S0144,2017-01-02,0.0,0.0,3.0,12.9,PR14,,PR03,,,
P0059,S0025,2017-01-02,0.0,0.0,1.0,9.75,PR14,,PR03,,,
P0059,S0027,2017-01-02,0.0,0.0,1.0,9.75,PR14,,PR03,,,
P0059,S0043,2017-01-02,0.0,0.0,6.0,9.75,PR14,,PR03,,,
P0059,S0056,2017-01-02,0.0,0.0,1.0,9.75,PR14,,PR03,,,
P0059,S0063,2017-01-02,0.0,0.0,3.0,9.75,PR14,,PR03,,,
P0059,S0085,2017-01-02,0.0,0.0,5.0,9.75,PR14,,PR03,,,
P0059,S0093,2017-01-02,0.0,0.0,3.0,9.75,PR14,,PR03,,,
P0059,S0103,2017-01-02,0.0,0.0,3.0,9.75,PR14,,PR03,,,
P0060,S0001,2017-01-02,0.0,0.0,1.0,15.9,PR14,,PR03,,,
P0060,S0002,2017-01-02,0.0,0.0,8.0,15.9,PR14,,PR03,,,
P0060,S0013,2017-01-02,0.0,0.0,2.0,15.9,PR14,,PR03,,,
P0060,S0018,2017-01-02,0.0,0.0,5.0,15.9,PR14,,PR03,,,
P0060,S0022,2017-01-02,0.0,0.0,3.0,15.9,PR14,,PR03,,,
P0060,S0023,2017-01-02,0.0,0.0,3.0,15.9,PR14,,PR03,,,
P0060,S0027,2017-01-02,0.0,0.0,4.0,15.9,PR14,,PR03,,,
P0060,S0028,2017-01-02,1.0,13.47,0.0,,PR14,,PR03,,,
P0060,S0031,2017-01-02,0.0,0.0,13.0,15.9,PR14,,PR03,,,
P0060,S0038,2017-01-02,0.0,0.0,11.0,15.9,PR14,,PR03,,,
P0060,S0040,2017-01-02,0.0,0.0,8.0,15.9,PR14,,PR03,,,
P0060,S0045,2017-01-02,0.0,0.0,1.0,15.9,PR14,,PR03,,,
P0060,S0051,2017-01-02,0.0,0.0,2.0,15.9,PR14,,PR03,,,
P0060,S0052,2017-01-02,0.0,0.0,4.0,15.9,PR14,,PR03,,,
P0060,S0056,2017-01-02,0.0,0.0,3.0,15.9,PR14,,PR03,,,
P0060,S0060,2017-01-02,0.0,0.0,9.0,15.9,PR14,,PR03,,,
P0060,S0063,2017-01-02,0.0,0.0,4.0,15.9,PR14,,PR03,,,
P0060,S0066,2017-01-02,0.0,0.0,15.0,15.9,PR14,,PR03,,,
P0060,S0083,2017-01-02,0.0,0.0,1.0,15.9,PR14,,PR03,,,
P0060,S0085,2017-01-02,1.0,13.47,9.0,15.9,PR14,,PR03,,,
P0060,S0094,2017-01-02,0.0,0.0,12.0,15.9,PR14,,PR03,,,
P0060,S0097,2017-01-02,0.0,0.0,2.0,15.9,PR14,,PR03,,,
P0060,S0102,2017-01-02,0.0,0.0,4.0,15.9,PR14,,PR03,,,
P0060,S0104,2017-01-02,0.0,0.0,9.0,15.9,PR14,,PR03,,,
P0060,S0107,2017-01-02,0.0,0.0,1.0,15.9,PR14,,PR03,,,
P0060,S0108,2017-01-02,0.0,0.0,1.0,15.9,PR14,,PR03,,,
P0060,S0110,2017-01-02,0.0,0.0,4.0,15.9,PR14,,PR03,,,
P0060,S0115,2017-01-02,0.0,0.0,3.0,15.9,PR14,,PR03,,,
P0060,S0125,2017-01-02,0.0,0.0,2.0,15.9,PR14,,PR03,,,
P0060,S0126,2017-01-02,0.0,0.0,2.0,15.9,PR14,,PR03,,,
P0060,S0132,2017-01-02,0.0,0.0,2.0,15.9,PR14,,PR03,,,
P0060,S0138,2017-01-02,0.0,0.0,1.0,15.9,PR14,,PR03,,,
P0061,S0060,2017-01-02,0.0,0.0,7.0,8.0,PR14,,PR03,,,
P0061,S0066,2017-01-02,0.0,0.0,2.0,8.0,PR14,,PR03,,,
P0061,S0102,2017-01-02,0.0,0.0,6.0,8.0,PR14,,PR03,,,
P0062,S0001,2017-01-02,0.0,0.0,1.0,19.9,PR14,,PR03,,,
P0062,S0008,2017-01-02,0.0,0.0,8.0,19.9,PR14,,PR03,,,
P0062,S0009,2017-01-02,0.0,0.0,7.0,19.9,PR14,,PR03,,,
P0062,S0012,2017-01-02,0.0,0.0,1.0,19.9,PR14,,PR03,,,
P0062,S0013,2017-01-02,0.0,0.0,5.0,19.9,PR14,,PR03,,,
P0062,S0020,2017-01-02,0.0,0.0,5.0,19.9,PR14,,PR03,,,
P0062,S0026,2017-01-02,0.0,0.0,2.0,19.9,PR14,,PR03,,,
P0062,S0030,2017-01-02,0.0,0.0,5.0,19.9,PR14,,PR03,,,
P0062,S0031,2017-01-02,0.0,0.0,16.0,19.9,PR14,,PR03,,,
P0062,S0049,2017-01-02,0.0,0.0,1.0,19.9,PR14,,PR03,,,
P0062,S0050,2017-01-02,0.0,0.0,4.0,19.9,PR14,,PR03,,,
P0062,S0051,2017-01-02,0.0,0.0,2.0,19.9,PR14,,PR03,,,
P0062,S0055,2017-01-02,0.0,0.0,3.0,19.9,PR14,,PR03,,,
P0062,S0058,2017-01-02,0.0,0.0,2.0,19.9,PR14,,PR03,,,
P0062,S0066,2017-01-02,0.0,0.0,2.0,19.9,PR14,,PR03,,,
P0062,S0085,2017-01-02,0.0,0.0,6.0,19.9,PR14,,PR03,,,
P0062,S0096,2017-01-02,0.0,0.0,4.0,19.9,PR14,,PR03,,,
P0062,S0097,2017-01-02,0.0,0.0,5.0,19.9,PR14,,PR03,,,
P0062,S0102,2017-01-02,0.0,0.0,5.0,19.9,PR14,,PR03,,,
P0062,S0104,2017-01-02,0.0,0.0,2.0,19.9,PR14,,PR03,,,
P0062,S0108,2017-01-02,0.0,0.0,6.0,19.9,PR14,,PR03,,,
P0062,S0115,2017-01-02,0.0,0.0,1.0,19.9,PR14,,PR03,,,
P0062,S0119,2017-01-02,0.0,0.0,2.0,19.9,PR14,,PR03,,,
P0062,S0137,2017-01-02,0.0,0.0,1.0,19.9,PR14,,PR03,,,
P0062,S0138,2017-01-02,0.0,0.0,4.0,19.9,PR14,,PR03,,,
P0062,S0140,2017-01-02,0.0,0.0,1.0,19.9,PR14,,PR03,,,
P0066,S0001,2017-01-02,0.0,0.0,43.0,2.5,PR14,,PR03,,,
P0066,S0023,2017-01-02,0.0,0.0,1.0,2.5,PR14,,PR03,,,
P0066,S0038,2017-01-02,0.0,0.0,39.0,2.5,PR14,,PR03,,,
P0066,S0040,2017-01-02,0.0,0.0,3.0,2.5,PR14,,PR03,,,
P0066,S0058,2017-01-02,0.0,0.0,1.0,2.5,PR14,,PR03,,,
P0066,S0097,2017-01-02,0.0,0.0,3.0,2.5,PR14,,PR03,,,
P0066,S0108,2017-01-02,0.0,0.0,15.0,2.5,PR14,,PR03,,,
P0066,S0110,2017-01-02,0.0,0.0,38.0,2.5,PR14,,PR03,,,
P0066,S0115,2017-01-02,0.0,0.0,55.0,2.5,PR14,,PR03,,,
P0066,S0142,2017-01-02,0.0,0.0,15.0,2.5,PR14,,PR03,,,
P0067,S0001,2017-01-02,0.0,0.0,4.0,15.9,PR14,,PR03,,,
P0067,S0002,2017-01-02,0.0,0.0,11.0,15.9,PR14,,PR03,,,
P0067,S0004,2017-01-02,0.0,0.0,6.0,15.9,PR14,,PR03,,,
P0067,S0008,2017-01-02,0.0,0.0,4.0,15.9,PR14,,PR03,,,
P0067,S0010,2017-01-02,0.0,0.0,2.0,15.9,PR14,,PR03,,,
P0067,S0012,2017-01-02,0.0,0.0,6.0,15.9,PR14,,PR03,,,
P0067,S0013,2017-01-02,0.0,0.0,3.0,15.9,PR14,,PR03,,,
P0067,S0015,2017-01-02,0.0,0.0,7.0,15.9,PR14,,PR03,,,
P0067,S0018,2017-01-02,0.0,0.0,6.0,15.9,PR14,,PR03,,,
P0067,S0020,2017-01-02,0.0,0.0,5.0,15.9,PR14,,PR03,,,
P0067,S0022,2017-01-02,0.0,0.0,6.0,15.9,PR14,,PR03,,,
P0067,S0023,2017-01-02,0.0,0.0,5.0,15.9,PR14,,PR03,,,
P0067,S0024,2017-01-02,0.0,0.0,6.0,15.9,PR14,,PR03,,,
P0067,S0025,2017-01-02,0.0,0.0,5.0,15.9,PR14,,PR03,,,
P0067,S0026,2017-01-02,0.0,0.0,4.0,15.9,PR14,,PR03,,,
P0067,S0027,2017-01-02,0.0,0.0,5.0,15.9,PR14,,PR03,,,
P0067,S0031,2017-01-02,0.0,0.0,15.0,15.9,PR14,,PR03,,,
P0067,S0035,2017-01-02,0.0,0.0,6.0,15.9,PR14,,PR03,,,
P0067,S0038,2017-01-02,0.0,0.0,8.0,15.9,PR14,,PR03,,,
P0067,S0040,2017-01-02,0.0,0.0,10.0,15.9,PR14,,PR03,,,
P0067,S0043,2017-01-02,0.0,0.0,6.0,15.9,PR14,,PR03,,,
P0067,S0045,2017-01-02,0.0,0.0,5.0,15.9,PR14,,PR03,,,
P0067,S0049,2017-01-02,0.0,0.0,7.0,15.9,PR14,,PR03,,,
P0067,S0050,2017-01-02,0.0,0.0,5.0,15.9,PR14,,PR03,,,
P0067,S0051,2017-01-02,0.0,0.0,2.0,15.9,PR14,,PR03,,,
P0067,S0052,2017-01-02,1.0,13.47,3.0,15.9,PR14,,PR03,,,
P0067,S0055,2017-01-02,0.0,0.0,3.0,15.9,PR14,,PR03,,,
P0067,S0056,2017-01-02,0.0,0.0,7.0,15.9,PR14,,PR03,,,
P0067,S0058,2017-01-02,0.0,0.0,2.0,15.9,PR14,,PR03,,,
P0067,S0060,2017-01-02,0.0,0.0,3.0,15.9,PR14,,PR03,,,
P0067,S0062,2017-01-02,0.0,0.0,1.0,15.9,PR14,,PR03,,,
P0067,S0063,2017-01-02,0.0,0.0,12.0,15.9,PR14,,PR03,,,
P0067,S0065,2017-01-02,0.0,0.0,3.0,15.9,PR14,,PR03,,,
P0067,S0066,2017-01-02,0.0,0.0,10.0,15.9,PR14,,PR03,,,
P0067,S0067,2017-01-02,0.0,0.0,9.0,15.9,PR14,,PR03,,,
P0067,S0070,2017-01-02,0.0,0.0,2.0,15.9,PR14,,PR03,,,
P0067,S0073,2017-01-02,0.0,0.0,5.0,15.9,PR14,,PR03,,,
P0067,S0078,2017-01-02,0.0,0.0,3.0,15.9,PR14,,PR03,,,
P0067,S0082,2017-01-02,0.0,0.0,6.0,15.9,PR14,,PR03,,,
P0067,S0083,2017-01-02,0.0,0.0,2.0,15.9,PR14,,PR03,,,
P0067,S0084,2017-01-02,0.0,0.0,3.0,15.9,PR14,,PR03,,,
P0067,S0085,2017-01-02,0.0,0.0,8.0,15.9,PR14,,PR03,,,
P0067,S0087,2017-01-02,0.0,0.0,6.0,15.9,PR14,,PR03,,,
P0067,S0088,2017-01-02,0.0,0.0,3.0,15.9,PR14,,PR03,,,
P0067,S0090,2017-01-02,0.0,0.0,4.0,15.9,PR14,,PR03,,,
P0067,S0091,2017-01-02,0.0,0.0,14.0,15.9,PR14,,PR03,,,
P0067,S0093,2017-01-02,0.0,0.0,1.0,15.9,PR14,,PR03,,,
P0067,S0094,2017-01-02,0.0,0.0,5.0,15.9,PR14,,PR03,,,
P0067,S0095,2017-01-02,0.0,0.0,3.0,15.9,PR14,,PR03,,,
P0067,S0096,2017-01-02,0.0,0.0,5.0,15.9,PR14,,PR03,,,
P0067,S0097,2017-01-02,0.0,0.0,9.0,15.9,PR14,,PR03,,,
P0067,S0102,2017-01-02,0.0,0.0,2.0,15.9,PR14,,PR03,,,
P0067,S0103,2017-01-02,0.0,0.0,4.0,15.9,PR14,,PR03,,,
P0067,S0104,2017-01-02,1.0,13.47,27.0,15.9,PR14,,PR03,,,
P0067,S0105,2017-01-02,0.0,0.0,4.0,15.9,PR14,,PR03,,,
P0067,S0106,2017-01-02,0.0,0.0,2.0,15.9,PR14,,PR03,,,
P0067,S0107,2017-01-02,0.0,0.0,2.0,15.9,PR14,,PR03,,,
P0067,S0108,2017-01-02,0.0,0.0,2.0,15.9,PR14,,PR03,,,
